6.3.1.2	glutamine synthetase	37400	-	SDS-PAGE	Nicotiana plumbaginifolia	-	657078	
6.3.1.2	glutamine synthetase	38000	-	8 * 38000, isoform GS1, SDS-PAGE	Secale cereale x Triticum aestivum	-	37562	
6.3.1.2	glutamine synthetase	38660	-	x * 38660, sequence calculation, isozyme GSr2	Triticum aestivum	Q45NB2	694701	
6.3.1.2	glutamine synthetase	38660	-	x * 38660, sequence calculation, isozyme GSr2	Triticum aestivum	Q45NB3	694701	
6.3.1.2	glutamine synthetase	38660	-	x * 38660, sequence calculation, isozyme GSr2	Triticum aestivum	Q45NB4	694701	
6.3.1.2	glutamine synthetase	38660	-	x * 38660, sequence calculation, isozyme GSr2	Triticum aestivum	Q45NB5	694701	
6.3.1.2	glutamine synthetase	38660	-	x * 38660, sequence calculation, isozyme GSr2	Triticum aestivum	Q45NB6	694701	
6.3.1.2	glutamine synthetase	38660	-	x * 38660, sequence calculation, isozyme GSr2	Triticum aestivum	Q45NB7	694701	
6.3.1.2	glutamine synthetase	38660	-	x * 38660, sequence calculation, isozyme GSr2	Triticum aestivum	Q6RUI9	694701	
6.3.1.2	glutamine synthetase	38660	-	x * 38660, sequence calculation, isozyme GSr2	Triticum aestivum	Q6RUJ0	694701	
6.3.1.2	glutamine synthetase	38660	-	x * 38660, sequence calculation, isozyme GSr2	Triticum aestivum	Q6RUJ1	694701	
6.3.1.2	glutamine synthetase	38660	-	x * 38660, sequence calculation, isozyme GSr2	Triticum aestivum	Q6RUJ2	694701	
6.3.1.2	glutamine synthetase	38730	-	x * 38730, sequence calculation, isozyme GSr1	Triticum aestivum	Q45NB2	694701	
6.3.1.2	glutamine synthetase	38730	-	x * 38730, sequence calculation, isozyme GSr1	Triticum aestivum	Q45NB3	694701	
6.3.1.2	glutamine synthetase	38730	-	x * 38730, sequence calculation, isozyme GSr1	Triticum aestivum	Q45NB4	694701	
6.3.1.2	glutamine synthetase	38730	-	x * 38730, sequence calculation, isozyme GSr1	Triticum aestivum	Q45NB5	694701	
6.3.1.2	glutamine synthetase	38730	-	x * 38730, sequence calculation, isozyme GSr1	Triticum aestivum	Q45NB6	694701	
6.3.1.2	glutamine synthetase	38730	-	x * 38730, sequence calculation, isozyme GSr1	Triticum aestivum	Q45NB7	694701	
6.3.1.2	glutamine synthetase	38730	-	x * 38730, sequence calculation, isozyme GSr1	Triticum aestivum	Q6RUI9	694701	
6.3.1.2	glutamine synthetase	38730	-	x * 38730, sequence calculation, isozyme GSr1	Triticum aestivum	Q6RUJ0	694701	
6.3.1.2	glutamine synthetase	38730	-	x * 38730, sequence calculation, isozyme GSr1	Triticum aestivum	Q6RUJ1	694701	
6.3.1.2	glutamine synthetase	38730	-	x * 38730, sequence calculation, isozyme GSr1	Triticum aestivum	Q6RUJ2	694701	
6.3.1.2	glutamine synthetase	39200	-	x * 39200, sequence calculation, isozyme GS1a	Triticum aestivum	Q45NB2	694701	
6.3.1.2	glutamine synthetase	39200	-	x * 39200, sequence calculation, isozyme GS1a	Triticum aestivum	Q45NB3	694701	
6.3.1.2	glutamine synthetase	39200	-	x * 39200, sequence calculation, isozyme GS1a	Triticum aestivum	Q45NB4	694701	
6.3.1.2	glutamine synthetase	39200	-	x * 39200, sequence calculation, isozyme GS1a	Triticum aestivum	Q45NB5	694701	
6.3.1.2	glutamine synthetase	39200	-	x * 39200, sequence calculation, isozyme GS1a	Triticum aestivum	Q45NB6	694701	
6.3.1.2	glutamine synthetase	39200	-	x * 39200, sequence calculation, isozyme GS1a	Triticum aestivum	Q45NB7	694701	
6.3.1.2	glutamine synthetase	39200	-	x * 39200, sequence calculation, isozyme GS1a	Triticum aestivum	Q6RUI9	694701	
6.3.1.2	glutamine synthetase	39200	-	x * 39200, sequence calculation, isozyme GS1a	Triticum aestivum	Q6RUJ0	694701	
6.3.1.2	glutamine synthetase	39200	-	x * 39200, sequence calculation, isozyme GS1a	Triticum aestivum	Q6RUJ1	694701	
6.3.1.2	glutamine synthetase	39200	-	x * 39200, sequence calculation, isozyme GS1a	Triticum aestivum	Q6RUJ2	694701	
6.3.1.2	glutamine synthetase	39210	-	x * 39210, sequence calculation, isozyme GS1a	Triticum aestivum	Q45NB2	694701	
6.3.1.2	glutamine synthetase	39210	-	x * 39210, sequence calculation, isozyme GS1a	Triticum aestivum	Q45NB3	694701	
6.3.1.2	glutamine synthetase	39210	-	x * 39210, sequence calculation, isozyme GS1a	Triticum aestivum	Q45NB4	694701	
6.3.1.2	glutamine synthetase	39210	-	x * 39210, sequence calculation, isozyme GS1a	Triticum aestivum	Q45NB5	694701	
6.3.1.2	glutamine synthetase	39210	-	x * 39210, sequence calculation, isozyme GS1a	Triticum aestivum	Q45NB6	694701	
6.3.1.2	glutamine synthetase	39210	-	x * 39210, sequence calculation, isozyme GS1a	Triticum aestivum	Q45NB7	694701	
6.3.1.2	glutamine synthetase	39210	-	x * 39210, sequence calculation, isozyme GS1a	Triticum aestivum	Q6RUI9	694701	
6.3.1.2	glutamine synthetase	39210	-	x * 39210, sequence calculation, isozyme GS1a	Triticum aestivum	Q6RUJ0	694701	
6.3.1.2	glutamine synthetase	39210	-	x * 39210, sequence calculation, isozyme GS1a	Triticum aestivum	Q6RUJ1	694701	
6.3.1.2	glutamine synthetase	39210	-	x * 39210, sequence calculation, isozyme GS1a	Triticum aestivum	Q6RUJ2	694701	
6.3.1.2	glutamine synthetase	39240	-	x * 39240, sequence calculation, isozyme GS1c	Triticum aestivum	Q45NB2	694701	
6.3.1.2	glutamine synthetase	39240	-	x * 39240, sequence calculation, isozyme GS1c	Triticum aestivum	Q45NB3	694701	
6.3.1.2	glutamine synthetase	39240	-	x * 39240, sequence calculation, isozyme GS1c	Triticum aestivum	Q45NB4	694701	
6.3.1.2	glutamine synthetase	39240	-	x * 39240, sequence calculation, isozyme GS1c	Triticum aestivum	Q45NB5	694701	
6.3.1.2	glutamine synthetase	39240	-	x * 39240, sequence calculation, isozyme GS1c	Triticum aestivum	Q45NB6	694701	
6.3.1.2	glutamine synthetase	39240	-	x * 39240, sequence calculation, isozyme GS1c	Triticum aestivum	Q45NB7	694701	
6.3.1.2	glutamine synthetase	39240	-	x * 39240, sequence calculation, isozyme GS1c	Triticum aestivum	Q6RUI9	694701	
6.3.1.2	glutamine synthetase	39240	-	x * 39240, sequence calculation, isozyme GS1c	Triticum aestivum	Q6RUJ0	694701	
6.3.1.2	glutamine synthetase	39240	-	x * 39240, sequence calculation, isozyme GS1c	Triticum aestivum	Q6RUJ1	694701	
6.3.1.2	glutamine synthetase	39240	-	x * 39240, sequence calculation, isozyme GS1c	Triticum aestivum	Q6RUJ2	694701	
6.3.1.2	glutamine synthetase	39470	-	x * 39470, sequence calculation, isozyme GSe2	Triticum aestivum	Q45NB2	694701	
6.3.1.2	glutamine synthetase	39470	-	x * 39470, sequence calculation, isozyme GSe2	Triticum aestivum	Q45NB3	694701	
6.3.1.2	glutamine synthetase	39470	-	x * 39470, sequence calculation, isozyme GSe2	Triticum aestivum	Q45NB4	694701	
6.3.1.2	glutamine synthetase	39470	-	x * 39470, sequence calculation, isozyme GSe2	Triticum aestivum	Q45NB5	694701	
6.3.1.2	glutamine synthetase	39470	-	x * 39470, sequence calculation, isozyme GSe2	Triticum aestivum	Q45NB6	694701	
6.3.1.2	glutamine synthetase	39470	-	x * 39470, sequence calculation, isozyme GSe2	Triticum aestivum	Q45NB7	694701	
6.3.1.2	glutamine synthetase	39470	-	x * 39470, sequence calculation, isozyme GSe2	Triticum aestivum	Q6RUI9	694701	
6.3.1.2	glutamine synthetase	39470	-	x * 39470, sequence calculation, isozyme GSe2	Triticum aestivum	Q6RUJ0	694701	
6.3.1.2	glutamine synthetase	39470	-	x * 39470, sequence calculation, isozyme GSe2	Triticum aestivum	Q6RUJ1	694701	
6.3.1.2	glutamine synthetase	39470	-	x * 39470, sequence calculation, isozyme GSe2	Triticum aestivum	Q6RUJ2	694701	
6.3.1.2	glutamine synthetase	39480	-	x * 39480, sequence calculation, isozyme GSe1	Triticum aestivum	Q45NB2	694701	
6.3.1.2	glutamine synthetase	39480	-	x * 39480, sequence calculation, isozyme GSe1	Triticum aestivum	Q45NB3	694701	
6.3.1.2	glutamine synthetase	39480	-	x * 39480, sequence calculation, isozyme GSe1	Triticum aestivum	Q45NB4	694701	
6.3.1.2	glutamine synthetase	39480	-	x * 39480, sequence calculation, isozyme GSe1	Triticum aestivum	Q45NB5	694701	
6.3.1.2	glutamine synthetase	39480	-	x * 39480, sequence calculation, isozyme GSe1	Triticum aestivum	Q45NB6	694701	
6.3.1.2	glutamine synthetase	39480	-	x * 39480, sequence calculation, isozyme GSe1	Triticum aestivum	Q45NB7	694701	
6.3.1.2	glutamine synthetase	39480	-	x * 39480, sequence calculation, isozyme GSe1	Triticum aestivum	Q6RUI9	694701	
6.3.1.2	glutamine synthetase	39480	-	x * 39480, sequence calculation, isozyme GSe1	Triticum aestivum	Q6RUJ0	694701	
6.3.1.2	glutamine synthetase	39480	-	x * 39480, sequence calculation, isozyme GSe1	Triticum aestivum	Q6RUJ1	694701	
6.3.1.2	glutamine synthetase	39480	-	x * 39480, sequence calculation, isozyme GSe1	Triticum aestivum	Q6RUJ2	694701	
6.3.1.2	glutamine synthetase	39700	-	calculated from amino acid sequence	Tuber borchii	-	654521	
6.3.1.2	glutamine synthetase	39700	-	calculated from amino acid sequence	Tuber borchii	Q86ZU6	654521	
6.3.1.2	glutamine synthetase	40000	-	SDS-PAGE	Zea mays	P38562	676424	
6.3.1.2	glutamine synthetase	40000	-	SDS-PAGE, GS2	Medicago truncatula	-	675138	
6.3.1.2	glutamine synthetase	40509	-	x * 40509, sequence calculation	Enchytraeus japonensis	-	691986	
6.3.1.2	glutamine synthetase	40509	-	x * 40509, sequence calculation	Enchytraeus japonensis	Q1MXG4	691986	
6.3.1.2	glutamine synthetase	40700	-	x * 45000, recombinant enzyme, SDS-PAGE, x * 40700, about, sequence calculation	Schistosoma japonicum	-	728429	
6.3.1.2	glutamine synthetase	40700	-	x * 45000, recombinant enzyme, SDS-PAGE, x * 40700, about, sequence calculation	Schistosoma japonicum	Q86EI1	728429	
6.3.1.2	glutamine synthetase	41500	-	SDS-PAGE, His-tagged GS1a	Medicago truncatula	-	675138	
6.3.1.2	glutamine synthetase	41500	-	x * 41500, SDS-PAGE	Lupinus luteus	-	37499	
6.3.1.2	glutamine synthetase	41710	-	x * 46640, sequence calculation, isozyme GS2b, x * 41710, sequence calculation, mature peptide of isozyme GS2b	Triticum aestivum	Q45NB2	694701	
6.3.1.2	glutamine synthetase	41710	-	x * 46640, sequence calculation, isozyme GS2b, x * 41710, sequence calculation, mature peptide of isozyme GS2b	Triticum aestivum	Q45NB3	694701	
6.3.1.2	glutamine synthetase	41710	-	x * 46640, sequence calculation, isozyme GS2b, x * 41710, sequence calculation, mature peptide of isozyme GS2b	Triticum aestivum	Q45NB4	694701	
6.3.1.2	glutamine synthetase	41710	-	x * 46640, sequence calculation, isozyme GS2b, x * 41710, sequence calculation, mature peptide of isozyme GS2b	Triticum aestivum	Q45NB5	694701	
6.3.1.2	glutamine synthetase	41710	-	x * 46640, sequence calculation, isozyme GS2b, x * 41710, sequence calculation, mature peptide of isozyme GS2b	Triticum aestivum	Q45NB6	694701	
6.3.1.2	glutamine synthetase	41710	-	x * 46640, sequence calculation, isozyme GS2b, x * 41710, sequence calculation, mature peptide of isozyme GS2b	Triticum aestivum	Q45NB7	694701	
6.3.1.2	glutamine synthetase	41710	-	x * 46640, sequence calculation, isozyme GS2b, x * 41710, sequence calculation, mature peptide of isozyme GS2b	Triticum aestivum	Q6RUI9	694701	
6.3.1.2	glutamine synthetase	41710	-	x * 46640, sequence calculation, isozyme GS2b, x * 41710, sequence calculation, mature peptide of isozyme GS2b	Triticum aestivum	Q6RUJ0	694701	
6.3.1.2	glutamine synthetase	41710	-	x * 46640, sequence calculation, isozyme GS2b, x * 41710, sequence calculation, mature peptide of isozyme GS2b	Triticum aestivum	Q6RUJ1	694701	
6.3.1.2	glutamine synthetase	41710	-	x * 46640, sequence calculation, isozyme GS2b, x * 41710, sequence calculation, mature peptide of isozyme GS2b	Triticum aestivum	Q6RUJ2	694701	
6.3.1.2	glutamine synthetase	41760	-	x * 46690, sequence calculation, isozyme GS2a, x * 41760, sequence calculation, mature peptide of isozyme GS2a	Triticum aestivum	Q45NB2	694701	
6.3.1.2	glutamine synthetase	41760	-	x * 46690, sequence calculation, isozyme GS2a, x * 41760, sequence calculation, mature peptide of isozyme GS2a	Triticum aestivum	Q45NB3	694701	
6.3.1.2	glutamine synthetase	41760	-	x * 46690, sequence calculation, isozyme GS2a, x * 41760, sequence calculation, mature peptide of isozyme GS2a	Triticum aestivum	Q45NB4	694701	
6.3.1.2	glutamine synthetase	41760	-	x * 46690, sequence calculation, isozyme GS2a, x * 41760, sequence calculation, mature peptide of isozyme GS2a	Triticum aestivum	Q45NB5	694701	
6.3.1.2	glutamine synthetase	41760	-	x * 46690, sequence calculation, isozyme GS2a, x * 41760, sequence calculation, mature peptide of isozyme GS2a	Triticum aestivum	Q45NB6	694701	
6.3.1.2	glutamine synthetase	41760	-	x * 46690, sequence calculation, isozyme GS2a, x * 41760, sequence calculation, mature peptide of isozyme GS2a	Triticum aestivum	Q45NB7	694701	
6.3.1.2	glutamine synthetase	41760	-	x * 46690, sequence calculation, isozyme GS2a, x * 41760, sequence calculation, mature peptide of isozyme GS2a	Triticum aestivum	Q6RUI9	694701	
6.3.1.2	glutamine synthetase	41760	-	x * 46690, sequence calculation, isozyme GS2a, x * 41760, sequence calculation, mature peptide of isozyme GS2a	Triticum aestivum	Q6RUJ0	694701	
6.3.1.2	glutamine synthetase	41760	-	x * 46690, sequence calculation, isozyme GS2a, x * 41760, sequence calculation, mature peptide of isozyme GS2a	Triticum aestivum	Q6RUJ1	694701	
6.3.1.2	glutamine synthetase	41760	-	x * 46690, sequence calculation, isozyme GS2a, x * 41760, sequence calculation, mature peptide of isozyme GS2a	Triticum aestivum	Q6RUJ2	694701	
6.3.1.2	glutamine synthetase	41770	-	x * 46700, sequence calculation, isozyme GS2c, x * 41770, sequence calculation, mature peptide of isozyme GS2c	Triticum aestivum	Q45NB2	694701	
6.3.1.2	glutamine synthetase	41770	-	x * 46700, sequence calculation, isozyme GS2c, x * 41770, sequence calculation, mature peptide of isozyme GS2c	Triticum aestivum	Q45NB3	694701	
6.3.1.2	glutamine synthetase	41770	-	x * 46700, sequence calculation, isozyme GS2c, x * 41770, sequence calculation, mature peptide of isozyme GS2c	Triticum aestivum	Q45NB4	694701	
6.3.1.2	glutamine synthetase	41770	-	x * 46700, sequence calculation, isozyme GS2c, x * 41770, sequence calculation, mature peptide of isozyme GS2c	Triticum aestivum	Q45NB5	694701	
6.3.1.2	glutamine synthetase	41770	-	x * 46700, sequence calculation, isozyme GS2c, x * 41770, sequence calculation, mature peptide of isozyme GS2c	Triticum aestivum	Q45NB6	694701	
6.3.1.2	glutamine synthetase	41770	-	x * 46700, sequence calculation, isozyme GS2c, x * 41770, sequence calculation, mature peptide of isozyme GS2c	Triticum aestivum	Q45NB7	694701	
6.3.1.2	glutamine synthetase	41770	-	x * 46700, sequence calculation, isozyme GS2c, x * 41770, sequence calculation, mature peptide of isozyme GS2c	Triticum aestivum	Q6RUI9	694701	
6.3.1.2	glutamine synthetase	41770	-	x * 46700, sequence calculation, isozyme GS2c, x * 41770, sequence calculation, mature peptide of isozyme GS2c	Triticum aestivum	Q6RUJ0	694701	
6.3.1.2	glutamine synthetase	41770	-	x * 46700, sequence calculation, isozyme GS2c, x * 41770, sequence calculation, mature peptide of isozyme GS2c	Triticum aestivum	Q6RUJ1	694701	
6.3.1.2	glutamine synthetase	41770	-	x * 46700, sequence calculation, isozyme GS2c, x * 41770, sequence calculation, mature peptide of isozyme GS2c	Triticum aestivum	Q6RUJ2	694701	
6.3.1.2	glutamine synthetase	41978	-	x * 41978, calculation from nucleotide sequence	Brassica napus	-	37520	
6.3.1.2	glutamine synthetase	42000	-	purified recombinant protein containing a hexahistidine-tag	Tuber borchii	-	654521	
6.3.1.2	glutamine synthetase	42000	-	purified recombinant protein containing a hexahistidine-tag	Tuber borchii	Q86ZU6	654521	
6.3.1.2	glutamine synthetase	42000	-	SDS-PAGE, in green fruits	Solanum lycopersicum	-	675655	
6.3.1.2	glutamine synthetase	42000	-	x * 42000, isoenzyme GS1, SDS-PAGE	Solanum tuberosum	-	662543	
6.3.1.2	glutamine synthetase	42000	-	x * 47212, calculated, x * 42000, recombinant protein lacking the target peptide, SDS-PAGE	Medicago truncatula	Q84UC1	714625	
6.3.1.2	glutamine synthetase	42400	-	SDS-PAGE	Phaseolus vulgaris	P04771	675694	
6.3.1.2	glutamine synthetase	43000	-	8 * 43000, gel filtration	Phaseolus vulgaris	P04771	675694	
6.3.1.2	glutamine synthetase	43000	-	8 * 43000, isoform GSII, SDS-PAGE	Chlorella sorokiniana	-	37503	
6.3.1.2	glutamine synthetase	44000	-	SDS-PAGE	Zea mays	P38562	676424	
6.3.1.2	glutamine synthetase	45000	-	SDS-PAGE, in leaves	Solanum lycopersicum	-	675655	
6.3.1.2	glutamine synthetase	45000	-	SDS-PAGE, short isoform	Canis lupus familiaris	-	656201	
6.3.1.2	glutamine synthetase	45000	-	x * 45000, calculated from sequence	Methanosarcina mazei	-	728318	
6.3.1.2	glutamine synthetase	45000	-	x * 45000, calculated from sequence	Methanosarcina mazei	Q8PY99	728318	
6.3.1.2	glutamine synthetase	45000	-	x * 45000, isoenzyme GS2, SDS-PAGE	Solanum tuberosum	-	662543	
6.3.1.2	glutamine synthetase	45000	-	x * 45000, recombinant enzyme, SDS-PAGE, x * 40700, about, sequence calculation	Schistosoma japonicum	-	728429	
6.3.1.2	glutamine synthetase	45000	-	x * 45000, recombinant enzyme, SDS-PAGE, x * 40700, about, sequence calculation	Schistosoma japonicum	Q86EI1	728429	
6.3.1.2	glutamine synthetase	46000	-	x * 46000, SDS-PAGE	Squalus acanthias	-	37504	
6.3.1.2	glutamine synthetase	46640	-	x * 46640, sequence calculation, isozyme GS2b, x * 41710, sequence calculation, mature peptide of isozyme GS2b	Triticum aestivum	Q45NB2	694701	
6.3.1.2	glutamine synthetase	46640	-	x * 46640, sequence calculation, isozyme GS2b, x * 41710, sequence calculation, mature peptide of isozyme GS2b	Triticum aestivum	Q45NB3	694701	
6.3.1.2	glutamine synthetase	46640	-	x * 46640, sequence calculation, isozyme GS2b, x * 41710, sequence calculation, mature peptide of isozyme GS2b	Triticum aestivum	Q45NB4	694701	
6.3.1.2	glutamine synthetase	46640	-	x * 46640, sequence calculation, isozyme GS2b, x * 41710, sequence calculation, mature peptide of isozyme GS2b	Triticum aestivum	Q45NB5	694701	
6.3.1.2	glutamine synthetase	46640	-	x * 46640, sequence calculation, isozyme GS2b, x * 41710, sequence calculation, mature peptide of isozyme GS2b	Triticum aestivum	Q45NB6	694701	
6.3.1.2	glutamine synthetase	46640	-	x * 46640, sequence calculation, isozyme GS2b, x * 41710, sequence calculation, mature peptide of isozyme GS2b	Triticum aestivum	Q45NB7	694701	
6.3.1.2	glutamine synthetase	46640	-	x * 46640, sequence calculation, isozyme GS2b, x * 41710, sequence calculation, mature peptide of isozyme GS2b	Triticum aestivum	Q6RUI9	694701	
6.3.1.2	glutamine synthetase	46640	-	x * 46640, sequence calculation, isozyme GS2b, x * 41710, sequence calculation, mature peptide of isozyme GS2b	Triticum aestivum	Q6RUJ0	694701	
6.3.1.2	glutamine synthetase	46640	-	x * 46640, sequence calculation, isozyme GS2b, x * 41710, sequence calculation, mature peptide of isozyme GS2b	Triticum aestivum	Q6RUJ1	694701	
6.3.1.2	glutamine synthetase	46640	-	x * 46640, sequence calculation, isozyme GS2b, x * 41710, sequence calculation, mature peptide of isozyme GS2b	Triticum aestivum	Q6RUJ2	694701	
6.3.1.2	glutamine synthetase	46690	-	x * 46690, sequence calculation, isozyme GS2a, x * 41760, sequence calculation, mature peptide of isozyme GS2a	Triticum aestivum	Q45NB2	694701	
6.3.1.2	glutamine synthetase	46690	-	x * 46690, sequence calculation, isozyme GS2a, x * 41760, sequence calculation, mature peptide of isozyme GS2a	Triticum aestivum	Q45NB3	694701	
6.3.1.2	glutamine synthetase	46690	-	x * 46690, sequence calculation, isozyme GS2a, x * 41760, sequence calculation, mature peptide of isozyme GS2a	Triticum aestivum	Q45NB4	694701	
6.3.1.2	glutamine synthetase	46690	-	x * 46690, sequence calculation, isozyme GS2a, x * 41760, sequence calculation, mature peptide of isozyme GS2a	Triticum aestivum	Q45NB5	694701	
6.3.1.2	glutamine synthetase	46690	-	x * 46690, sequence calculation, isozyme GS2a, x * 41760, sequence calculation, mature peptide of isozyme GS2a	Triticum aestivum	Q45NB6	694701	
6.3.1.2	glutamine synthetase	46690	-	x * 46690, sequence calculation, isozyme GS2a, x * 41760, sequence calculation, mature peptide of isozyme GS2a	Triticum aestivum	Q45NB7	694701	
6.3.1.2	glutamine synthetase	46690	-	x * 46690, sequence calculation, isozyme GS2a, x * 41760, sequence calculation, mature peptide of isozyme GS2a	Triticum aestivum	Q6RUI9	694701	
6.3.1.2	glutamine synthetase	46690	-	x * 46690, sequence calculation, isozyme GS2a, x * 41760, sequence calculation, mature peptide of isozyme GS2a	Triticum aestivum	Q6RUJ0	694701	
6.3.1.2	glutamine synthetase	46690	-	x * 46690, sequence calculation, isozyme GS2a, x * 41760, sequence calculation, mature peptide of isozyme GS2a	Triticum aestivum	Q6RUJ1	694701	
6.3.1.2	glutamine synthetase	46690	-	x * 46690, sequence calculation, isozyme GS2a, x * 41760, sequence calculation, mature peptide of isozyme GS2a	Triticum aestivum	Q6RUJ2	694701	
6.3.1.2	glutamine synthetase	46700	-	x * 46700, about, GlnA3, sequence calculation	Mycobacterium tuberculosis	O07752	694213	
6.3.1.2	glutamine synthetase	46700	-	x * 46700, about, GlnA3, sequence calculation	Mycobacterium tuberculosis	O33342	694213	
6.3.1.2	glutamine synthetase	46700	-	x * 46700, about, GlnA3, sequence calculation	Mycobacterium tuberculosis	P9WN39	694213	
6.3.1.2	glutamine synthetase	46700	-	x * 46700, sequence calculation, isozyme GS2c, x * 41770, sequence calculation, mature peptide of isozyme GS2c	Triticum aestivum	Q45NB2	694701	
6.3.1.2	glutamine synthetase	46700	-	x * 46700, sequence calculation, isozyme GS2c, x * 41770, sequence calculation, mature peptide of isozyme GS2c	Triticum aestivum	Q45NB3	694701	
6.3.1.2	glutamine synthetase	46700	-	x * 46700, sequence calculation, isozyme GS2c, x * 41770, sequence calculation, mature peptide of isozyme GS2c	Triticum aestivum	Q45NB4	694701	
6.3.1.2	glutamine synthetase	46700	-	x * 46700, sequence calculation, isozyme GS2c, x * 41770, sequence calculation, mature peptide of isozyme GS2c	Triticum aestivum	Q45NB5	694701	
6.3.1.2	glutamine synthetase	46700	-	x * 46700, sequence calculation, isozyme GS2c, x * 41770, sequence calculation, mature peptide of isozyme GS2c	Triticum aestivum	Q45NB6	694701	
6.3.1.2	glutamine synthetase	46700	-	x * 46700, sequence calculation, isozyme GS2c, x * 41770, sequence calculation, mature peptide of isozyme GS2c	Triticum aestivum	Q45NB7	694701	
6.3.1.2	glutamine synthetase	46700	-	x * 46700, sequence calculation, isozyme GS2c, x * 41770, sequence calculation, mature peptide of isozyme GS2c	Triticum aestivum	Q6RUI9	694701	
6.3.1.2	glutamine synthetase	46700	-	x * 46700, sequence calculation, isozyme GS2c, x * 41770, sequence calculation, mature peptide of isozyme GS2c	Triticum aestivum	Q6RUJ0	694701	
6.3.1.2	glutamine synthetase	46700	-	x * 46700, sequence calculation, isozyme GS2c, x * 41770, sequence calculation, mature peptide of isozyme GS2c	Triticum aestivum	Q6RUJ1	694701	
6.3.1.2	glutamine synthetase	46700	-	x * 46700, sequence calculation, isozyme GS2c, x * 41770, sequence calculation, mature peptide of isozyme GS2c	Triticum aestivum	Q6RUJ2	694701	
6.3.1.2	glutamine synthetase	47000	-	8 * 47000, isoform GSI, SDS-PAGE	Chlorella sorokiniana	-	37503	
6.3.1.2	glutamine synthetase	47212	-	x * 47212, calculated, x * 42000, recombinant protein lacking the target peptide, SDS-PAGE	Medicago truncatula	Q84UC1	714625	
6.3.1.2	glutamine synthetase	48000	-	8 * 48000, isoenzyme GScs, SDS-PAGE	Pisum sativum	-	37502	
6.3.1.2	glutamine synthetase	48000	-	8 * 48000, isoform GS2, SDS-PAGE	Secale cereale x Triticum aestivum	-	37562	
6.3.1.2	glutamine synthetase	49000	-	SDS-PAGE, long isoform	Canis lupus familiaris	-	656201	
6.3.1.2	glutamine synthetase	49600	-	x * 49600, about, GlnA2, sequence calculation	Mycobacterium tuberculosis	O07752	694213	
6.3.1.2	glutamine synthetase	49600	-	x * 49600, about, GlnA2, sequence calculation	Mycobacterium tuberculosis	O33342	694213	
6.3.1.2	glutamine synthetase	49600	-	x * 49600, about, GlnA2, sequence calculation	Mycobacterium tuberculosis	P9WN39	694213	
6.3.1.2	glutamine synthetase	49700	-	x * 49700, about, GlnA4, sequence calculation	Mycobacterium tuberculosis	O07752	694213	
6.3.1.2	glutamine synthetase	49700	-	x * 49700, about, GlnA4, sequence calculation	Mycobacterium tuberculosis	O33342	694213	
6.3.1.2	glutamine synthetase	49700	-	x * 49700, about, GlnA4, sequence calculation	Mycobacterium tuberculosis	P9WN39	694213	
6.3.1.2	glutamine synthetase	50000	-	20 * 50000, SDS-PAGE	Clostridium pasteurianum	-	37493	
6.3.1.2	glutamine synthetase	50000	-	SDS-PAGE	Gluconacetobacter diazotrophicus	-	655600	
6.3.1.2	glutamine synthetase	50000	55000	SDS-PAGE	Sulfolobus acidocaldarius	-	654916	
6.3.1.2	glutamine synthetase	50000	55000	SDS-PAGE	Sulfolobus acidocaldarius	Q9HH09	654916	
6.3.1.2	glutamine synthetase	50100	-	12 * 50100, SDS-PAGE	Paracoccus denitrificans	-	37532	
6.3.1.2	glutamine synthetase	50500	-	12 * 50500, about, sequence calculation	Haloferax mediterranei	B8ZJH0	727085	
6.3.1.2	glutamine synthetase	50500	-	12 * 50500, about, sequence calculation	Haloferax mediterranei	F2RM17	727085	
6.3.1.2	glutamine synthetase	51000	-	12 * 51000, SDS-PAGE	Bacillus caldolyticus	-	37507	
6.3.1.2	glutamine synthetase	51700	-	8 * 51700, gel filtration	Haloferax mediterranei	-	673742	
6.3.1.2	glutamine synthetase	52000	-	12 * 52000, enzyme form GSI, SDS-PAGE	Synechocystis sp.	-	37554	
6.3.1.2	glutamine synthetase	52000	-	calculated from amino acid sequence	Sulfolobus acidocaldarius	-	654916	
6.3.1.2	glutamine synthetase	52000	-	calculated from amino acid sequence	Sulfolobus acidocaldarius	Q9HH09	654916	
6.3.1.2	glutamine synthetase	52000	-	SDS-PAGE	Trichormus variabilis	-	655296	
6.3.1.2	glutamine synthetase	53080	-	calculated from amino acid sequence	Trichormus variabilis	-	655296	
6.3.1.2	glutamine synthetase	53348	-	x * 53348, calculated from sequence	Sulfolobus solfataricus	-	725982	
6.3.1.2	glutamine synthetase	53600	-	x * 53600, about, GlnA1, sequence calculation	Mycobacterium tuberculosis	O07752	694213	
6.3.1.2	glutamine synthetase	53600	-	x * 53600, about, GlnA1, sequence calculation	Mycobacterium tuberculosis	O33342	694213	
6.3.1.2	glutamine synthetase	53600	-	x * 53600, about, GlnA1, sequence calculation	Mycobacterium tuberculosis	P9WN39	694213	
6.3.1.2	glutamine synthetase	53700	-	SDS-PAGE	Thermus thermophilus	-	656478	
6.3.1.2	glutamine synthetase	54320	-	calculated from amino acid sequence	Helicobacter pylori	-	655715	
6.3.1.2	glutamine synthetase	55000	-	12 * 55000, SDS-PAGE	Pseudomonas taetrolens	-	661360	
6.3.1.2	glutamine synthetase	55000	-	12 * 55000, the enzyme exhibits different aggregation states with detectable oligomers of 1, 2, 3, 4, 6, 8, 10, and 12 subunits, SDS-PAGE	Rhodobacter capsulatus	-	37501	
6.3.1.2	glutamine synthetase	56000	-	12 * 56000, SDS-PAGE	Gordonia rubripertincta	-	37565	
6.3.1.2	glutamine synthetase	56000	-	12 * 56000, SDS-PAGE	Mycobacterium phlei	-	37569	
6.3.1.2	glutamine synthetase	56000	-	SDS-PAGE	Helicobacter pylori	-	655715	
6.3.1.2	glutamine synthetase	56000	-	x * 56000, recombinant isozyme GSI	Prevotella ruminicola	-	727757	
6.3.1.2	glutamine synthetase	56000	-	x * 56000, SDS-PAGE	Photobacterium phosphoreum	-	37495	
6.3.1.2	glutamine synthetase	58000	-	12 * 58000, SDS-PAGE	Nitrobacter winogradskyi	-	37505	
6.3.1.2	glutamine synthetase	58000	-	alpha, beta, 4 * 58000 + 4 * 65000, native mass by gel filtration, subunit mass by SDS-PAGE	Sphagnum fallax	-	656614	
6.3.1.2	glutamine synthetase	59000	-	12 * 59000, SDS-PAGE	Nocardia asteroides	-	37567	
6.3.1.2	glutamine synthetase	59000	-	x * 59000, SDS-PAGE	Clostridium acetobutylicum	-	37564	
6.3.1.2	glutamine synthetase	60000	-	10 * 60000, SDS-PAGE	Methylococcus capsulatus	-	37506	
6.3.1.2	glutamine synthetase	60000	-	12 * 60000, SDS-PAGE	Acidithiobacillus ferrooxidans	-	37570	
6.3.1.2	glutamine synthetase	60000	-	x * 60000, SDS-PAGE	Pseudomonas syringae	-	37500	
6.3.1.2	glutamine synthetase	61000	-	x * 61000, SDS-PAGE	Pseudomonas putida	-	661971	
6.3.1.2	glutamine synthetase	62000	-	x * 62000, SDS-PAGE	Pseudomonas fluorescens	-	661971	
6.3.1.2	glutamine synthetase	64000	-	8 * 64000, isoenzyme GScl, SDS-PAGE	Pisum sativum	-	37502	
6.3.1.2	glutamine synthetase	64570	-	enzyme form GSI, gel filtration	Rhizobium phaseoli	-	37491	
6.3.1.2	glutamine synthetase	65000	-	alpha, beta, 4 * 58000 + 4 * 65000, native mass by gel filtration, subunit mass by SDS-PAGE	Sphagnum fallax	-	656614	
6.3.1.2	glutamine synthetase	66000	-	gel filtration	Pseudomonas taetrolens	-	661360	
6.3.1.2	glutamine synthetase	70000	-	6 * 70000, SDS-PAGE	Skeletonema costatum	-	37521	
6.3.1.2	glutamine synthetase	80000	-	6 * 80000, enzyme form GSIII, SDS-PAGE	Synechocystis sp.	-	37554	
6.3.1.2	glutamine synthetase	83000	-	12 * 83000, recombinant isozyme GSIII-1, SDS-PAGE; 2 * 83000, recombinant isozyme GSIII-1, SDS-PAGE; 3 * 83000, recombinant isozyme GSIII-2, SDS-PAGE	Prevotella ruminicola	-	727757	
6.3.1.2	glutamine synthetase	86000	-	10 * 86000, cryo-electron microscopy	Bacteroides fragilis	P15623	675399	
6.3.1.2	glutamine synthetase	200000	-	gel filtration, in presence of Mg2+, MgATP2-, and L-Glu the enzyme has a MW of 400000, reversible dissociation from the 400000 MW form to a species of MW 200000 in the absence of MgATP2- and L-Glu	Squalus acanthias	-	37504	
6.3.1.2	glutamine synthetase	305000	-	isoform GS1, gel filtration	Secale cereale x Triticum aestivum	-	37562	
6.3.1.2	glutamine synthetase	305000	-	native PAGE	Nicotiana plumbaginifolia	-	657078	
6.3.1.2	glutamine synthetase	330000	370000	gel filtration	Bacillus caldolyticus	-	37507	
6.3.1.2	glutamine synthetase	340000	-	gel filtration, minor peak at 175000 Da	Tuber borchii	-	654521	
6.3.1.2	glutamine synthetase	340000	-	gel filtration, minor peak at 175000 Da	Tuber borchii	Q86ZU6	654521	
6.3.1.2	glutamine synthetase	344000	-	gel filtration	Phaseolus vulgaris	P04771	675694	
6.3.1.2	glutamine synthetase	347000	-	gel filtration	Lupinus luteus	-	37499	
6.3.1.2	glutamine synthetase	360000	-	isoform GSII, disc gel electrophoresis	Chlorella sorokiniana	-	37503	
6.3.1.2	glutamine synthetase	384000	-	isoenzyme GScs, gel filtration	Pisum sativum	-	37502	
6.3.1.2	glutamine synthetase	385200	-	isoform GS2, gel filtration	Secale cereale x Triticum aestivum	-	37562	
6.3.1.2	glutamine synthetase	398000	-	isoform GSI, disc gel electrophoresis	Chlorella sorokiniana	-	37503	
6.3.1.2	glutamine synthetase	400000	-	gel filtration, in presence of Mg2+, MgATP2-, and L-Glu, reversible dissociation to a species of MW 200000 in the absence of MgATP2- and L-Glu	Squalus acanthias	-	37504	
6.3.1.2	glutamine synthetase	400000	-	isoform GS2, gel filtration	Skeletonema costatum	-	37521	
6.3.1.2	glutamine synthetase	445000	-	gel filtration	Haloferax mediterranei	-	673742	
6.3.1.2	glutamine synthetase	489800	-	enzyme form GSII, gel filtration	Rhizobium phaseoli	-	37491	
6.3.1.2	glutamine synthetase	492000	-	gel filtration	Sphagnum fallax	-	656614	
6.3.1.2	glutamine synthetase	500000	-	enzyme form GSIII, gel filtration	Synechocystis sp.	-	37554	
6.3.1.2	glutamine synthetase	500000	-	gel filtration	Bifidobacterium bifidum	-	37488	
6.3.1.2	glutamine synthetase	500000	-	gel filtration	Bifidobacterium breve	-	37488	
6.3.1.2	glutamine synthetase	500000	-	gel filtration	Bifidobacterium pseudolongum	-	37488	
6.3.1.2	glutamine synthetase	500000	-	gel filtration	Gluconacetobacter diazotrophicus	-	655600	
6.3.1.2	glutamine synthetase	520000	-	isoenzyme GScl, gel filtration	Pisum sativum	-	37502	
6.3.1.2	glutamine synthetase	537000	-	12 * 537000, subunit mass by SDS-PAGE, native structure by negative-stain electron microscopy, consists of two hexameric rings	Thermus thermophilus	-	656478	
6.3.1.2	glutamine synthetase	570000	-	gel filtration	Paracoccus denitrificans	-	37532	
6.3.1.2	glutamine synthetase	580000	-	recombinant enzyme, gel filtration	Haloferax mediterranei	B8ZJH0	727085	
6.3.1.2	glutamine synthetase	580000	-	recombinant enzyme, gel filtration	Haloferax mediterranei	F2RM17	727085	
6.3.1.2	glutamine synthetase	600000	-	isozyme GSI-alpha	Bacillus subtilis	P12425	727970	
6.3.1.2	glutamine synthetase	602000	-	gel filtration	Phormidium laminosum	-	37518	
6.3.1.2	glutamine synthetase	617000	-	gel filtration	Methylococcus capsulatus	-	37506	
6.3.1.2	glutamine synthetase	624000	-	enzyme form GSI, gel filtration	Synechocystis sp.	-	37554	
6.3.1.2	glutamine synthetase	625000	-	gel filtration	Trichormus variabilis	-	655296	
6.3.1.2	glutamine synthetase	630000	-	gel filtration	Sulfolobus acidocaldarius	-	654916	
6.3.1.2	glutamine synthetase	630000	-	gel filtration	Sulfolobus acidocaldarius	Q9HH09	654916	
6.3.1.2	glutamine synthetase	637000	-	gel filtration	Pyrococcus sp.	-	721322	
6.3.1.2	glutamine synthetase	637000	-	gel filtration	Pyrococcus sp.	O08467	721322	
6.3.1.2	glutamine synthetase	660000	670000	disc gel electrophoresis, pore gradient electrophoresis, sucrose density gradient centrifugation	Rhodobacter capsulatus	-	37501	
6.3.1.2	glutamine synthetase	670000	-	gel filtration	Mycobacterium phlei	-	37569	
6.3.1.2	glutamine synthetase	670000	-	gel filtration	Photobacterium phosphoreum	-	37495	
6.3.1.2	glutamine synthetase	700000	-	gel filtration	Nitrobacter winogradskyi	-	37505	
6.3.1.2	glutamine synthetase	720000	-	gel filtration	Nocardia asteroides	-	37567	
6.3.1.2	glutamine synthetase	860000	-	gel filtration	Bacteroides fragilis	P15623	675399	
6.3.1.2	glutamine synthetase	891000	-	enzyme form GSIII, gel filtration	Rhizobium phaseoli	-	37491	
6.3.1.2	glutamine synthetase	1000000	-	gel filtration	Clostridium pasteurianum	-	37493	
