3.1.3.11	fructose-bisphosphatase	0.0001	-	D-fructose 1,6-bisphosphate	pH 7.5, 30°C, wild-type enzyme	Ptyas dhumnades	-	106	650448	
3.1.3.11	fructose-bisphosphatase	0.00011	-	D-fructose 1,6-bisphosphate	pH 7.5, 30°C, recombinant enzyme	Ptyas dhumnades	-	106	650448	
3.1.3.11	fructose-bisphosphatase	0.00014	-	D-fructose 1,6-bisphosphate	pH 7.5, 30°C, chimeric enzyme	Ptyas dhumnades	-	106	650448	
3.1.3.11	fructose-bisphosphatase	0.00054	-	fructose 1,6-diphosphate	-	Citrus x paradisi	-	295	170801	
3.1.3.11	fructose-bisphosphatase	0.0013	-	D-fructose 1,6-bisphosphate	wild-type muscle enzyme, pH 7.5, 37°C	Homo sapiens	P09467	106	664962	
3.1.3.11	fructose-bisphosphatase	0.0015	-	D-fructose 1,6-bisphosphate	liver enzyme mutant E20K/M177T/C179Q, pH 7.5, 37°C; muscle enzyme mutant T177M/Q179C, pH 7.5, 37°C	Homo sapiens	P09467	106	664962	
3.1.3.11	fructose-bisphosphatase	0.0017	-	D-fructose 1,6-bisphosphate	muscle enzyme mutant K20E/T177M/Q179C, pH 7.5, 37°C	Homo sapiens	P09467	106	664962	
3.1.3.11	fructose-bisphosphatase	0.00172	-	fructose 1,6-diphosphate	-	Pelophylax esculentus	-	295	170796	
3.1.3.11	fructose-bisphosphatase	0.0019	-	D-fructose 1,6-bisphosphate	liver enzyme mutant M177T/C179Q, pH 7.5, 37°C; muscle enzyme mutant K20E, pH 7.5, 37°C	Homo sapiens	P09467	106	664962	
3.1.3.11	fructose-bisphosphatase	0.0021	-	D-fructose 1,6-bisphosphate	wild-type liver enzyme, pH 7.5, 37°C	Homo sapiens	P09467	106	664962	
3.1.3.11	fructose-bisphosphatase	0.0023	-	D-fructose 1,6-bisphosphate	liver enzyme mutant E20K, pH 7.5, 37°C	Homo sapiens	P09467	106	664962	
3.1.3.11	fructose-bisphosphatase	0.0025	-	D-fructose 1,6-bisphosphate	pH 6.6, 25°C, native enzyme	Pisum sativum	Q8RW99	106	653763	
3.1.3.11	fructose-bisphosphatase	0.0031	-	D-fructose 1,6-bisphosphate	-	Malus domestica	-	106	666587	
3.1.3.11	fructose-bisphosphatase	0.0043	-	D-fructose 1,6-bisphosphate	30°C, pH 7.5, mutant enzyme F89W	Sus scrofa	-	106	679788	
3.1.3.11	fructose-bisphosphatase	0.0046	-	D-fructose 1,6-bisphosphate	30°C, pH 7.5, mutant enzyme F232W	Sus scrofa	-	106	679788	
3.1.3.11	fructose-bisphosphatase	0.0048	-	D-fructose 1,6-bisphosphate	30°C, pH 7.5, recombinant wild-type enzyme	Sus scrofa	-	106	679788	
3.1.3.11	fructose-bisphosphatase	0.005	-	D-fructose 1,6-bisphosphate	30°C, pH 7.5, mutant enzyme F16W	Sus scrofa	-	106	679788	
3.1.3.11	fructose-bisphosphatase	0.005	-	D-fructose 1,6-bisphosphate	pH 6.6, 25°C, Trombin treated enzyme	Pisum sativum	Q8RW99	106	653763	
3.1.3.11	fructose-bisphosphatase	0.0059	-	D-fructose 1,6-bisphosphate	30°C, pH 7.5, nonrecombinant enzyme	Sus scrofa	-	106	679788	
3.1.3.11	fructose-bisphosphatase	0.006	-	D-fructose 1,6-bisphosphate	30°C, pH 7.5, mutant enzyme F219W	Sus scrofa	-	106	679788	
3.1.3.11	fructose-bisphosphatase	0.006	-	fructose 1,6-diphosphate	without phosphoenolpyruvate	Bacillus subtilis	-	295	170751	
3.1.3.11	fructose-bisphosphatase	0.008	-	fructose 1,6-diphosphate	-	Cyberlindnera jadinii	-	295	134825	
3.1.3.11	fructose-bisphosphatase	0.0085	-	D-fructose 1,6-bisphosphate	pH 7.5, mutant enzyme T23I	Salmonella enterica	-	106	680709	
3.1.3.11	fructose-bisphosphatase	0.0095	-	D-fructose 1,6-bisphosphate	pH 7.5, mutant enzyme T19I	Salmonella enterica	-	106	680709	
3.1.3.11	fructose-bisphosphatase	0.01	-	D-fructose 1,6-bisphosphate	pH 6.6, 25°C, recombinant enzyme	Pisum sativum	Q8RW99	106	653763	
3.1.3.11	fructose-bisphosphatase	0.0108	-	D-fructose 1,6-bisphosphate	pH 7.5, wild-type enzyme	Salmonella enterica	-	106	680709	
3.1.3.11	fructose-bisphosphatase	0.013	-	fructose 1,6-diphosphate	in presence of 0.01 mM phosphoenolpyruvate	Bacillus subtilis	-	295	170751	
3.1.3.11	fructose-bisphosphatase	0.014	-	D-fructose 1,6-bisphosphate	pH 7.7, 50°	Bacillus methanolicus	-	106	729934	
3.1.3.11	fructose-bisphosphatase	0.014	-	D-fructose 1,6-bisphosphate	pH 7.7, 50°	Bacillus methanolicus	I3DTM3	106	729934	
3.1.3.11	fructose-bisphosphatase	0.014	-	D-fructose 1,6-bisphosphate	pH 7.7, 50°	Bacillus methanolicus	Q6TV42	106	729934	
3.1.3.11	fructose-bisphosphatase	0.015	-	D-fructose 1,6-bisphosphate	37°C	Mycobacterium tuberculosis	P9WN21	106	666269	
3.1.3.11	fructose-bisphosphatase	0.017	-	fructose 1,6-diphosphate	isoenzyme A and B	Rhodococcus opacus	-	295	170748	
3.1.3.11	fructose-bisphosphatase	0.0201	-	D-fructose 1,6-bisphosphate	pH 7.5, mutant enzyme G20D	Salmonella enterica	-	106	680709	
3.1.3.11	fructose-bisphosphatase	0.022	-	fructose 1,6-diphosphate	enzyme from ethanol-grown cells	Ogataea angusta	-	295	170732	
3.1.3.11	fructose-bisphosphatase	0.025	-	fructose 1,6-diphosphate	isoenzyme F-II	Synechococcus sp.	-	295	170792	
3.1.3.11	fructose-bisphosphatase	0.027	-	D-fructose 1,6-bisphosphate	pH 7.8, 48°C, mutant enzyme Y229F; pH 7.8, 48°C, wild-type enzyme	Sulfolobus tokodaii	F9VMT6	106	726037	
3.1.3.11	fructose-bisphosphatase	0.029	-	fructose 1,6-diphosphate	enzyme from methanol-grown cells	Ogataea angusta	-	295	170732	
3.1.3.11	fructose-bisphosphatase	0.036	-	D-fructose 1,6-bisphosphate	pH 7.8, 48°C, mutant enzyme Y348F	Sulfolobus tokodaii	F9VMT6	106	726037	
3.1.3.11	fructose-bisphosphatase	0.04	-	D-fructose 1,6-bisphosphate	pH 7.5, 60°C, purified recombinant enzyme	Thermotoga maritima	-	106	716802	
3.1.3.11	fructose-bisphosphatase	0.04	-	D-fructose 1,6-bisphosphate	pH not specified in the publication, 40°C	Cenarchaeum symbiosum	-	106	705891	
3.1.3.11	fructose-bisphosphatase	0.0419	-	D-fructose 1,6-bisphosphate	pH 7.5, 37°C	Clonorchis sinensis	-	106	730360	
3.1.3.11	fructose-bisphosphatase	0.0419	-	D-fructose 1,6-bisphosphate	pH 7.5, 37°C	Clonorchis sinensis	G7YVB4	106	730360	
3.1.3.11	fructose-bisphosphatase	0.044	-	D-fructose 1,6-bisphosphate	pH 7.7, 30°C	Mycobacterium tuberculosis	-	106	713798	
3.1.3.11	fructose-bisphosphatase	0.052	-	fructose 1,6-diphosphate	isoenzyme F-I	Synechococcus sp.	-	295	170792	
3.1.3.11	fructose-bisphosphatase	0.057	-	fructose 1,6-diphosphate	isoenzyme F-I	Synechococcus sp.	-	295	170795	
3.1.3.11	fructose-bisphosphatase	0.06	-	D-fructose 1,6-bisphosphate	pH 9.0, 37°C, mutant K29A	Escherichia coli	P0A9C9	106	693243	
3.1.3.11	fructose-bisphosphatase	0.06	-	D-fructose 1,6-bisphosphate	pH 9.0, 37°C, mutant K29A	Escherichia coli	P21437	106	693243	
3.1.3.11	fructose-bisphosphatase	0.066	-	D-fructose 1,6-bisphosphate	pH 7.5, 37°C, chloroplastic enzyme	Oryza sativa	-	106	653554	
3.1.3.11	fructose-bisphosphatase	0.07	-	D-fructose 1,6-bisphosphate	pH 9.0, 37°C, wild-type	Escherichia coli	P0A9C9	106	693243	
3.1.3.11	fructose-bisphosphatase	0.07	-	D-fructose 1,6-bisphosphate	pH 9.0, 37°C, wild-type	Escherichia coli	P21437	106	693243	
3.1.3.11	fructose-bisphosphatase	0.076	-	D-fructose 1,6-bisphosphate	pH 7.5, 37°C, chloroplastic enzyme	Oryza coarctata	-	106	653554	
3.1.3.11	fructose-bisphosphatase	0.1	-	D-fructose 1,6-bisphosphate	95°C	Thermococcus kodakarensis	-	106	652288	
3.1.3.11	fructose-bisphosphatase	0.1	-	D-fructose 1,6-bisphosphate	95°C	Thermococcus kodakarensis	Q8NKR9	106	652288	
3.1.3.11	fructose-bisphosphatase	0.1	-	D-fructose 1,6-bisphosphate	pH 9.0, 37°C, mutant E59A; pH 9.0, 37°C, mutant K239A	Escherichia coli	P0A9C9	106	693243	
3.1.3.11	fructose-bisphosphatase	0.1	-	D-fructose 1,6-bisphosphate	pH 9.0, 37°C, mutant E59A; pH 9.0, 37°C, mutant K239A	Escherichia coli	P21437	106	693243	
3.1.3.11	fructose-bisphosphatase	0.1	-	fructose 1,6-bisphosphate	wild-type	Escherichia coli	P0A9C9	1755	693243	
3.1.3.11	fructose-bisphosphatase	0.1	-	fructose 1,6-bisphosphate	wild-type	Escherichia coli	P21437	1755	693243	
3.1.3.11	fructose-bisphosphatase	0.12	-	D-fructose 1,6-bisphosphate	pH 7.5, 80°C, purified recombinant enzyme	Thermotoga maritima	-	106	716802	
3.1.3.11	fructose-bisphosphatase	0.121	-	D-fructose 1,6-bisphosphate	pH 8.8, 25°C, recombinant enzyme	Triticum aestivum	-	106	653727	
3.1.3.11	fructose-bisphosphatase	0.15	-	D-fructose 1,6-bisphosphate	55°C; 70°C	Archaeoglobus fulgidus	-	106	664130	
3.1.3.11	fructose-bisphosphatase	0.2	-	D-fructose 1,6-bisphosphate	pH 7.5, 30°C, wild-type enzyme	Saccharomyces cerevisiae	P36136	106	715513	
3.1.3.11	fructose-bisphosphatase	0.2	-	D-fructose 1,6-bisphosphate	pH 9.0, 37°C, mutant D186A; pH 9.0, 37°C, mutant R235A	Escherichia coli	P0A9C9	106	693243	
3.1.3.11	fructose-bisphosphatase	0.2	-	D-fructose 1,6-bisphosphate	pH 9.0, 37°C, mutant D186A; pH 9.0, 37°C, mutant R235A	Escherichia coli	P21437	106	693243	
3.1.3.11	fructose-bisphosphatase	0.3	-	D-fructose 1,6-bisphosphate	pH 7.5, 30°C, mutant R69A	Saccharomyces cerevisiae	P36136	106	715513	
3.1.3.11	fructose-bisphosphatase	0.31	-	D-fructose 1,6-bisphosphate	pH 8.0, 50°C	Pyrococcus furiosus	-	106	651698	
3.1.3.11	fructose-bisphosphatase	0.31	-	D-fructose 1,6-bisphosphate	pH 8.0, 50°C	Pyrococcus furiosus	Q8TZH9	106	651698	
3.1.3.11	fructose-bisphosphatase	0.32	-	D-fructose 1,6-bisphosphate	pH 8.0, 22°C	Pyrococcus furiosus	-	106	651698	
3.1.3.11	fructose-bisphosphatase	0.32	-	D-fructose 1,6-bisphosphate	pH 8.0, 22°C	Pyrococcus furiosus	Q8TZH9	106	651698	
3.1.3.11	fructose-bisphosphatase	0.44	-	D-fructose 1,6-bisphosphate	pH 7.7, 50°	Bacillus methanolicus	-	106	729934	
3.1.3.11	fructose-bisphosphatase	0.44	-	D-fructose 1,6-bisphosphate	pH 7.7, 50°	Bacillus methanolicus	I3DTM3	106	729934	
3.1.3.11	fructose-bisphosphatase	0.44	-	D-fructose 1,6-bisphosphate	pH 7.7, 50°	Bacillus methanolicus	Q6TV42	106	729934	
3.1.3.11	fructose-bisphosphatase	0.45	-	fructose 1,6-bisphosphate	37°C, pH 10.0	Mycobacterium tuberculosis	-	1755	663892	
3.1.3.11	fructose-bisphosphatase	0.5	-	D-fructose 1,6-bisphosphate	pH 7.5, 30°C, mutant H268A	Saccharomyces cerevisiae	P36136	106	715513	
3.1.3.11	fructose-bisphosphatase	0.6	-	D-fructose 1,6-bisphosphate	pH 7.5, 30°C, mutant Y24A	Saccharomyces cerevisiae	P36136	106	715513	
3.1.3.11	fructose-bisphosphatase	0.7	-	D-fructose 1,6-bisphosphate	pH 7.5, 30°C, mutant S19A	Saccharomyces cerevisiae	P36136	106	715513	
3.1.3.11	fructose-bisphosphatase	0.9	-	D-fructose 1,6-bisphosphate	pH 7.5, 30°C, mutant S65A; pH 7.5, 30°C, mutant W131A	Saccharomyces cerevisiae	P36136	106	715513	
3.1.3.11	fructose-bisphosphatase	1.4	-	D-fructose 1,6-bisphosphate	pH 7.5, 30°C, mutant R181A	Saccharomyces cerevisiae	P36136	106	715513	
3.1.3.11	fructose-bisphosphatase	1.5	-	D-fructose 1,6-bisphosphate	pH 7.5, 30°C, mutant H178A	Saccharomyces cerevisiae	P36136	106	715513	
3.1.3.11	fructose-bisphosphatase	2.3	-	D-fructose 1,6-bisphosphate	pH 7.5, 30°C, mutant H244A	Saccharomyces cerevisiae	P36136	106	715513	
