4.1.1.39	ribulose-bisphosphate carboxylase	0.0001	-	D-ribulose 1,5-bisphosphate	-	Hydrogenophaga pseudoflava	-	490	4510	
4.1.1.39	ribulose-bisphosphate carboxylase	0.00013	-	D-ribulose 1,5-bisphosphate	pentamer	Methanococcoides burtonii	-	490	704590	
4.1.1.39	ribulose-bisphosphate carboxylase	0.0021	-	D-ribulose-1,5-bisphosphate	pH 7.8, 25°C, mutant Val-335, in vitro	Nicotiana tabacum	-	4373	653504	
4.1.1.39	ribulose-bisphosphate carboxylase	0.0037	-	D-ribulose 1,5-bisphosphate	carboxylation	Acinetobacter sp.	-	490	4510	
4.1.1.39	ribulose-bisphosphate carboxylase	0.00909	-	D-ribulose-1,5-bisphosphate	pH 7.8, 35°C	Coffea arabica	-	4373	653431	
4.1.1.39	ribulose-bisphosphate carboxylase	0.014	-	D-ribulose 1,5-bisphosphate	wild-type, pH 8.3, 83°C	Thermococcus kodakarensis	-	490	735034	
4.1.1.39	ribulose-bisphosphate carboxylase	0.0188	-	D-ribulose-1,5-bisphosphate	pH 7.8, 25°C, wild-type, in vitro	Nicotiana tabacum	-	4373	653504	
4.1.1.39	ribulose-bisphosphate carboxylase	0.02	-	D-ribulose 1,5-bisphosphate	wild-type, pH 8.3, 83°C	Archaeoglobus fulgidus	-	490	735034	
4.1.1.39	ribulose-bisphosphate carboxylase	0.0204	-	D-ribulose 1,5-bisphosphate	-	Thermosynechococcus elongatus	-	490	694576	
4.1.1.39	ribulose-bisphosphate carboxylase	0.0205	-	D-ribulose 1,5-bisphosphate	wild type enzyme, at 83°C	Archaeoglobus fulgidus	-	490	680762	
4.1.1.39	ribulose-bisphosphate carboxylase	0.021	-	D-ribulose 1,5-bisphosphate	mutant enzyme M295D, at 83°C	Archaeoglobus fulgidus	-	490	680762	
4.1.1.39	ribulose-bisphosphate carboxylase	0.021	-	D-ribulose 1,5-bisphosphate	mutant M295D, pH 8.3, 83°C	Archaeoglobus fulgidus	-	490	735034	
4.1.1.39	ribulose-bisphosphate carboxylase	0.024	-	D-ribulose 1,5-bisphosphate	carboxylation	Thiomicrospira thyasirae	-	490	4493	
4.1.1.39	ribulose-bisphosphate carboxylase	0.025	-	D-ribulose 1,5-bisphosphate	mutant D103V	Synechococcus	-	490	702349	
4.1.1.39	ribulose-bisphosphate carboxylase	0.027	-	D-ribulose 1,5-bisphosphate	wild-type	Synechococcus	-	490	702349	
4.1.1.39	ribulose-bisphosphate carboxylase	0.03	-	D-ribulose 1,5-bisphosphate	-	Symphytum sp.	-	490	4470	
4.1.1.39	ribulose-bisphosphate carboxylase	0.034	-	D-ribulose 1,5-bisphosphate	mutant A375V	Synechococcus	-	490	702349	
4.1.1.39	ribulose-bisphosphate carboxylase	0.072	-	D-ribulose 1,5-bisphosphate	apparent value	Sulfobacillus thermosulfidooxidans	-	490	681796	
4.1.1.39	ribulose-bisphosphate carboxylase	0.088	-	D-ribulose 1,5-bisphosphate	apparent value	Acidithiobacillus ferrooxidans	-	490	681796	
4.1.1.39	ribulose-bisphosphate carboxylase	0.118	-	D-ribulose 1,5-bisphosphate	mutant S363V, pH 8.3, 83°C	Archaeoglobus fulgidus	-	490	735034	
4.1.1.39	ribulose-bisphosphate carboxylase	0.1462	-	D-ribulose 1,5-bisphosphate	apparent Km for wild type carboxysome	Halothiobacillus neapolitanus	O85040 and P45686	490	693026	
4.1.1.39	ribulose-bisphosphate carboxylase	0.1747	-	D-ribulose 1,5-bisphosphate	apparent Km for mutant carboxysome lacking carbonic anhydrase	Halothiobacillus neapolitanus	O85040 and P45686	490	693026	
4.1.1.39	ribulose-bisphosphate carboxylase	0.269	-	D-ribulose 1,5-bisphosphate	mutant D103V/A375V	Synechococcus	-	490	702349	
4.1.1.39	ribulose-bisphosphate carboxylase	0.3	-	D-ribulose 1,5-bisphosphate	-	Nitrobacter winogradskyi	-	490	4481	
4.1.1.39	ribulose-bisphosphate carboxylase	0.57	-	D-ribulose 1,5-bisphosphate	mutant S363I, pH 8.3, 83°C	Archaeoglobus fulgidus	-	490	735034	
4.1.1.39	ribulose-bisphosphate carboxylase	1.381	-	D-ribulose 1,5-bisphosphate	mutant M295D/S363V, pH 8.3, 83°C	Archaeoglobus fulgidus	-	490	735034	
4.1.1.39	ribulose-bisphosphate carboxylase	1.646	-	D-ribulose 1,5-bisphosphate	mutant M295D/S363I, pH 8.3, 83°C	Archaeoglobus fulgidus	-	490	735034	
