0	Arabidopsis thaliana	Arabidopsis thaliana
1	Arabidopsis 	Arabidopsis sp.
2	Camelineae	
3	Brassicaceae	Brassica capitata
3	Brassicaceae	Brassica juncea
3	Brassicaceae	Brassica napus
3	Brassicaceae	Brassica nigra
3	Brassicaceae	Brassica oleracea
3	Brassicaceae	Brassica oleracea var. gongylodes
3	Brassicaceae	Brassica rapa
3	Brassicaceae	Brassica rapa subsp. campestris
3	Brassicaceae	Brassica sp.
3	Brassicaceae	Raphanus sativus
3	Brassicaceae	Sinapis alba
4	Brassicales	Carica papaya
4	Brassicales	Tropaeolum majus
5	malvids	Abelmoschus esculentus
5	malvids	Acer pseudoplatanus
5	malvids	Ailanthus altissima
5	malvids	Citrus sinensis
5	malvids	Citrus x paradisi
5	malvids	Eucalyptus moorei
5	malvids	Eucalyptus neglecta
5	malvids	Gossypium hirsutum
5	malvids	Hibiscus cannabinus
5	malvids	Mangifera indica
5	malvids	Ruta graveolens
5	malvids	Woodfordia fruticosa
6	rosids	Alnus glutinosa
6	rosids	Arachis hypogaea
6	rosids	Astragalus bisulcatus
6	rosids	Astragalus hamosus
6	rosids	Astragalus racemosus
6	rosids	Astragalus sinicus
6	rosids	Bruguiera sexangula
6	rosids	Cajanus cajan
6	rosids	Canavalia ensiformis
6	rosids	Cassia coluteoides
6	rosids	Cassia corymbosa
6	rosids	Cicer arietinum
6	rosids	Citrullus lanatus
6	rosids	Citrullus lanatus subsp. vulgaris
6	rosids	Corylus avellana
6	rosids	Cucumis melo
6	rosids	Cucumis sativus
6	rosids	Cucurbita maxima
6	rosids	Cucurbita moschata
6	rosids	Cucurbita pepo
6	rosids	Cucurbita sp.
6	rosids	Fagus sylvatica
6	rosids	Gleditsia triacanthos
6	rosids	Glycine hispida
6	rosids	Glycine max
6	rosids	Glycine soja
6	rosids	Hevea brasiliensis
6	rosids	Lathyrus sativus
6	rosids	Lens culinaris
6	rosids	Leucaena leucocephala
6	rosids	Linum usitatissimum
6	rosids	Lotus japonicus
6	rosids	Lupinus albus
6	rosids	Lupinus angustifolius
6	rosids	Lupinus arboreus
6	rosids	Lupinus luteus
6	rosids	Lupinus polyphyllus
6	rosids	Lupinus sp.
6	rosids	Malus domestica
6	rosids	Malus pumila
6	rosids	Malus sp.
6	rosids	Medicago sativa
6	rosids	Medicago truncatula
6	rosids	Momordica charantia
6	rosids	Morus alba
6	rosids	Phaseolus sp.
6	rosids	Phaseolus vulgaris
6	rosids	Pisum sativum
6	rosids	Populus tremula
6	rosids	Populus tremuloides
6	rosids	Populus trichocarpa
6	rosids	Prosopis juliflora
6	rosids	Prunus persica
6	rosids	Pyrus pyrifolia
6	rosids	Ricinus communis
6	rosids	Trematomus bernacchii
6	rosids	Trifolium repens
6	rosids	Vicia faba
6	rosids	Vigna aconitifolia
6	rosids	Vigna catjang
6	rosids	Vigna mungo
6	rosids	Vigna radiata
6	rosids	Vigna radiata var. radiata
6	rosids	Vigna unguiculata
6	rosids	Vitis vinifera
7	pentapetalae	Actinidia chinensis
7	pentapetalae	Alternanthera ficoidea
7	pentapetalae	Alternanthera ficoides
7	pentapetalae	Alternanthera pungens
7	pentapetalae	Alternanthera sessilis
7	pentapetalae	Amaranthus hybridus
7	pentapetalae	Amaranthus hypochondriacus
7	pentapetalae	Amaranthus retroflexus
7	pentapetalae	Amaranthus viridis
7	pentapetalae	Apium graveolens
7	pentapetalae	Atriplex spongiosa
7	pentapetalae	Beta vulgaris
7	pentapetalae	Beta vulgaris var. cicla
7	pentapetalae	Bryophyllum fedtschenkoi
7	pentapetalae	Calystegia sepium
7	pentapetalae	Camellia japonica
7	pentapetalae	Camellia sinensis
7	pentapetalae	Capsicum annuum
7	pentapetalae	Carpobrotus edulis
7	pentapetalae	Catharanthus roseus
7	pentapetalae	Coffea arabica
7	pentapetalae	Coriandrum sativum
7	pentapetalae	Crithmum maritimum
7	pentapetalae	Cuscuta reflexa
7	pentapetalae	Daucus carota
7	pentapetalae	Drosera capensis
7	pentapetalae	Drosera venusta
7	pentapetalae	Echeveria elegans
7	pentapetalae	Emiliania huxleyi
7	pentapetalae	Flaveria bidentis
7	pentapetalae	Flaveria brownii
7	pentapetalae	Flaveria floridana
7	pentapetalae	Haloxylon persicum
7	pentapetalae	Helianthus annuus
7	pentapetalae	Helianthus tuberosus
7	pentapetalae	Ipomoea batatas
7	pentapetalae	Ipomoea nil
7	pentapetalae	Limonium gibertii
7	pentapetalae	Limonium latibracteatum
7	pentapetalae	Limonium stenophyllum
7	pentapetalae	Limonium virgatum
7	pentapetalae	Lucilia cuprina
7	pentapetalae	Mesembryanthemum cordifolium
7	pentapetalae	Mesembryanthemum crystallinum
7	pentapetalae	Nicotiana plumbaginifolia
7	pentapetalae	Nicotiana sylvestris
7	pentapetalae	Nicotiana tabacum
7	pentapetalae	Pallenis maritima
7	pentapetalae	Petroselinum crispum
7	pentapetalae	Petunia x hybrida
7	pentapetalae	Sarracenia flava
7	pentapetalae	Sesamum indicum
7	pentapetalae	Sideritis cretica subsp. spicata
7	pentapetalae	Solanum chacoense
7	pentapetalae	Solanum lycopersicum
7	pentapetalae	Solanum pennellii
7	pentapetalae	Solanum tuberosum
7	pentapetalae	Spinacia oleracea
7	pentapetalae	Symphytum sp.
7	pentapetalae	Tectona grandis
7	pentapetalae	Teucrium heterophyllum
7	pentapetalae	Umbilicus
7	pentapetalae	Withania somnifera
7	pentapetalae	Xanthium pennsylvanicum
8	Gunneridae	
9	eudicotyledos	Capnoides sempervirens
9	eudicotyledos	Dicentrarchus labrax
9	eudicotyledos	Umbilicusrupestris
9	eudicotyledos	Voandzeiasubterranea
10	Mesangiospermae	Agave victoriae-reginae
10	Mesangiospermae	Allium cepa
10	Mesangiospermae	Allium tuberosum
10	Mesangiospermae	Alopecurus myosuroides
10	Mesangiospermae	Ananas comosus
10	Mesangiospermae	Annona cherimola
10	Mesangiospermae	Arundinaria sp.
10	Mesangiospermae	Avena fatua
10	Mesangiospermae	Avena sativa
10	Mesangiospermae	Bambusa oldhamii
10	Mesangiospermae	C3-plants
10	Mesangiospermae	plant
10	Mesangiospermae	Cenchrus purpureus
10	Mesangiospermae	Ceratophyllum demersum
10	Mesangiospermae	Coleataenia prionitis
10	Mesangiospermae	Curculigo pilosa
10	Mesangiospermae	Cynodon dactylon
10	Mesangiospermae	Dactylis glomerata
10	Mesangiospermae	Egeria densa
10	Mesangiospermae	Eleusine coracana
10	Mesangiospermae	Eleusine indica
10	Mesangiospermae	Epiblema scudderiana
10	Mesangiospermae	Festuca rubra
10	Mesangiospermae	Hordeum vulgare
10	Mesangiospermae	Hordeum vulgare subsp. vulgare
10	Mesangiospermae	Hydrilla verticillata
10	Mesangiospermae	Iris douglasiana
10	Mesangiospermae	Landoltia punctata
10	Mesangiospermae	Lemna minor
10	Mesangiospermae	Lemna paucicostata
10	Mesangiospermae	Lilium auratum
10	Mesangiospermae	Lilium longiflorum
10	Mesangiospermae	Megathyrsus maximus
10	Mesangiospermae	Musa acuminata
10	Mesangiospermae	Musa cavendishii
10	Mesangiospermae	Musa x paradisiaca
10	Mesangiospermae	Oryza coarctata
10	Mesangiospermae	Oryza sativa
10	Mesangiospermae	Oryza sativa Japonica Group
10	Mesangiospermae	Panicum miliaceum
10	Mesangiospermae	Panicum milioides
10	Mesangiospermae	Paspalum dilatatum
10	Mesangiospermae	Persea americana
10	Mesangiospermae	Phyllostachys edulis
10	Mesangiospermae	Saccharum hybrid cultivar
10	Mesangiospermae	Saccharum officinarum
10	Mesangiospermae	Saccharum sp.
10	Mesangiospermae	Sansevieria trifasciata
10	Mesangiospermae	Schoenoplectiella juncoides
10	Mesangiospermae	Secale cereale
10	Mesangiospermae	Setaria cervi
10	Mesangiospermae	Sorghum bicolor
10	Mesangiospermae	Sorghum bicolor x Sorghum sudanesis
10	Mesangiospermae	Sorghum sp.
10	Mesangiospermae	Spirodela polyrhiza
10	Mesangiospermae	Steinchisma laxum
10	Mesangiospermae	Trachycarpus fortunei
10	Mesangiospermae	Triticum aestivum
10	Mesangiospermae	Triticum turgidum subsp. durum
10	Mesangiospermae	Tulipa gesneriana
10	Mesangiospermae	Zea mays
10	Mesangiospermae	Zea mays subsp. mays
10	Mesangiospermae	Zoysia japonica
11	magnoliophyta	Nymphaea alba
12	Spermatophyta	Cycas panzhihuaensis
12	Spermatophyta	Leleba oldhami
13	Euphyllophyta	Metasequoia glyptostroboides
13	Euphyllophyta	Picea rubens
13	Euphyllophyta	Pinus densiflora
13	Euphyllophyta	Pinus pinea
13	Euphyllophyta	Pinus spp.
13	Euphyllophyta	Pinus sylvestris
14	Euphyllophyt	Platycerium superbum
14	Euphyllophyt	Pteridium aquilinum
14	Euphyllophyt	Pteris ensiformis
14	Euphyllophyt	Pteris vittata
15	embryophyta	Atrichum undulatum
15	embryophyta	Funaria hygrometrica
15	embryophyta	Marchantia polymorpha
15	embryophyta	Physcomitrella patens
15	embryophyta	Sphagnum fallax
16	streptophytina	Chara foetida
16	streptophytina	Nitellopsis obtusa
17	streptophta	Mesostigma viride
18	viridiplantae	Acetabularia acetabulum
18	viridiplantae	Auxenochlorella pyrenoidosa
18	viridiplantae	Bryopsis maxima
18	viridiplantae	Chlamydomonas reinhardtii
18	viridiplantae	Chlamydomonas sp.
18	viridiplantae	Chlorella fusca
18	viridiplantae	Chlorella sorokiniana
18	viridiplantae	Chlorella vulgaris
18	viridiplantae	Chlorella vulgaris var. autotrophica
18	viridiplantae	Chloroidium saccharophilum
18	viridiplantae	Chlorolobion braunii
18	viridiplantae	Dunaliella marina
18	viridiplantae	Dunaliella salina
18	viridiplantae	Dunaliella tertiolecta
18	viridiplantae	Koliella antarctica
18	viridiplantae	Methanococcoides burtonii
18	viridiplantae	Micromonas commoda
18	viridiplantae	Monoraphidium minutum
18	viridiplantae	Ostreococcus 'lucimarinus'
18	viridiplantae	Ostreococcus tauri
18	viridiplantae	Tetradesmus obliquus
18	viridiplantae	Ulva intestinalis
19	Eukaryoten	Acanthamoeba castellanii
19	Eukaryoten	Acanthamoeba polyphaga Mimivirus
19	Eukaryoten	Acanthopagrus schlegelii
19	Eukaryoten	Achlya sp.
19	Eukaryoten	Acidianus ambivalens
19	Eukaryoten	Acipenser gueldenstaedtii
19	Eukaryoten	Acropora formosa
19	Eukaryoten	Agaricus bisporus
19	Eukaryoten	Alcaligenes faecalis
19	Eukaryoten	Alcanivorax borkumensis
19	Eukaryoten	Alcanivorax sp.
19	Eukaryoten	Allochromatium vinosum
19	Eukaryoten	Anas platyrhynchos
19	Eukaryoten	Ancylostoma ceylanicum
19	Eukaryoten	Angiostrongylus cantonensis
19	Eukaryoten	Anguilla anguilla
19	Eukaryoten	Anopheles gambiae
19	Eukaryoten	Anser anser
19	Eukaryoten	Anser sp.
19	Eukaryoten	Anthocidaris crassispina
19	Eukaryoten	Aphanothece halophytica
19	Eukaryoten	Apis mellifera
19	Eukaryoten	Artemia sp.
19	Eukaryoten	Ascaris suum
19	Eukaryoten	Aspergillus aculeatus
19	Eukaryoten	Aspergillus fumigatus
19	Eukaryoten	Aspergillus nidulans
19	Eukaryoten	Aspergillus niger
19	Eukaryoten	Aspergillus ochraceus
19	Eukaryoten	Aspergillus oryzae
19	Eukaryoten	Aspergillus sojae
19	Eukaryoten	Aspergillus terreus
19	Eukaryoten	Astrosclera willeyana
19	Eukaryoten	Aureobasidium pullulans
19	Eukaryoten	Aureobasidium sp.
19	Eukaryoten	Austromegabalanus psittacus
19	Eukaryoten	Babesia canis rossi
19	Eukaryoten	Babesia gibsoni
19	Eukaryoten	Bacillus amyloliquefaciens
19	Eukaryoten	Bacillus anthracis
19	Eukaryoten	Bacillus brevis Nagano
19	Eukaryoten	Bacillus brevis TT02-8
19	Eukaryoten	Bacillus caldolyticus
19	Eukaryoten	Bacillus caldotenax
19	Eukaryoten	Bacillus caldovelox
19	Eukaryoten	Bacillus cereus
19	Eukaryoten	Bacillus circulans
19	Eukaryoten	Bacillus coagulans
19	Eukaryoten	Bacillus fastidiosus
19	Eukaryoten	Bacillus firmus
19	Eukaryoten	Bacillus halodurans
19	Eukaryoten	Bacillus licheniformis
19	Eukaryoten	Bacillus megaterium
19	Eukaryoten	Bacillus methanolicus
19	Eukaryoten	Bacillus sp.
19	Eukaryoten	Bacillus sp. PS3
19	Eukaryoten	Bacillus subtilis
19	Eukaryoten	Bacillus virus SPbeta
19	Eukaryoten	Bacteria
19	Eukaryoten	Blastobotrys adeninivorans
19	Eukaryoten	Blastocladiella emersonii
19	Eukaryoten	Bombus atratus
19	Eukaryoten	Bombyx mori
19	Eukaryoten	Bos taurus
19	Eukaryoten	Botrytis cinerea
19	Eukaryoten	Branchiostoma belcheri tsingtauense
19	Eukaryoten	Brugia malayi
19	Eukaryoten	Bubalus bubalis
19	Eukaryoten	Busycotypus canaliculatum
19	Eukaryoten	Caenorhabditis elegans
19	Eukaryoten	Calliphoridae
19	Eukaryoten	Callospermophilus lateralis
19	Eukaryoten	Camelus dromedarius
19	Eukaryoten	Candida albicans
19	Eukaryoten	Candida antarctica
19	Eukaryoten	Candida boidinii
19	Eukaryoten	Candida guilliermondii var. membranaefaciens
19	Eukaryoten	Candida maltosa
19	Eukaryoten	Candida methanolica
19	Eukaryoten	Candida methylica
19	Eukaryoten	Candida tropicalis
19	Eukaryoten	Canis lupus familiaris
19	Eukaryoten	Capra capra
19	Eukaryoten	Capra hircus
19	Eukaryoten	Carassius auratus
19	Eukaryoten	Carcharhinus acronotus
19	Eukaryoten	Carcharhinus limbatus
19	Eukaryoten	Cardium tuberculatum
19	Eukaryoten	Cavia porcellus
19	Eukaryoten	Ceratitis capitata
19	Eukaryoten	Chaetomium thermophilum
19	Eukaryoten	Chionodraco hamatus
19	Eukaryoten	Cladosporium sp.
19	Eukaryoten	Clarias batrachus
19	Eukaryoten	Claviceps purpurea
19	Eukaryoten	Claviceps sp.
19	Eukaryoten	Clonorchis sinensis
19	Eukaryoten	Coccidioides immitis
19	Eukaryoten	Columba livia
19	Eukaryoten	Columba sp.
19	Eukaryoten	Comamonas testosteroni
19	Eukaryoten	Corynebacterium ammoniagenes
19	Eukaryoten	Corynebacterium callunae
19	Eukaryoten	Corynebacterium crenatum
19	Eukaryoten	Corynebacterium efficiens
19	Eukaryoten	Corynebacterium glutamicum
19	Eukaryoten	Corynebacterium murisepticum
19	Eukaryoten	Corynebacterium nephridii
19	Eukaryoten	Corynebacterium sp.
19	Eukaryoten	Crassostrea virginica
19	Eukaryoten	Cricetinae
19	Eukaryoten	Cricetulus griseus
19	Eukaryoten	Crithidia fasciculata
19	Eukaryoten	Crithidia luciliae
19	Eukaryoten	Cryphonectria parasitica
19	Eukaryoten	Cryptococcus neoformans
19	Eukaryoten	Cryptosporidium parvum
19	Eukaryoten	Ctenocephalides felis
19	Eukaryoten	Ctenopharyngodon idella
19	Eukaryoten	Cyanidioschyzon merolae
19	Eukaryoten	Cyanidium caldarium
19	Eukaryoten	Cyberlindnera jadinii
19	Eukaryoten	Cyberlindnera mrakii
19	Eukaryoten	Cyclotella cryptica
19	Eukaryoten	Cylindrotheca fusiformis
19	Eukaryoten	Cylindrotheca sp.
19	Eukaryoten	Cyprinus carpio
19	Eukaryoten	Danio rerio
19	Eukaryoten	Debaryomyces hansenii
19	Eukaryoten	Dictyostelium discoideum
19	Eukaryoten	Dictyostelium sp.
19	Eukaryoten	Dirofilaria immitis
19	Eukaryoten	Dissostichus mawsoni
19	Eukaryoten	Doryteuthis pealeii
19	Eukaryoten	Drosophila melanogaster
19	Eukaryoten	Drosophila virilis
19	Eukaryoten	Echinococcus granulosus
19	Eukaryoten	Edwardsiella ictaluri
19	Eukaryoten	Eidolon helvum
19	Eukaryoten	Eimeria tenella
19	Eukaryoten	Entamoeba histolytica
19	Eukaryoten	Entodinium caudatum
19	Eukaryoten	Entodinium sp.
19	Eukaryoten	equine infectious anemia virus
19	Eukaryoten	Equus caballus
19	Eukaryoten	Eremothecium gossypii
19	Eukaryoten	Euglena gracilis
19	Eukaryoten	Euplotes focardii
19	Eukaryoten	Fasciola hepatica
19	Eukaryoten	Felis catus
19	Eukaryoten	Fomitopsis palustris
19	Eukaryoten	Fusarium oxysporum
19	Eukaryoten	Fusarium solani
19	Eukaryoten	Fusarium tricinctum
19	Eukaryoten	Fusicoccum sp.
19	Eukaryoten	Galdieria sulphuraria
19	Eukaryoten	Gallus gallus
19	Eukaryoten	Gallus sp.
19	Eukaryoten	Ganoderma lucidum
19	Eukaryoten	Gelatoporia subvermispora
19	Eukaryoten	Geophagusbrasiliensis
19	Eukaryoten	Giardia intestinalis
19	Eukaryoten	Gracilaria chouae
19	Eukaryoten	Griffithsia monilis
19	Eukaryoten	Gryllus firmus
19	Eukaryoten	Hansenula henricii
19	Eukaryoten	Helix pomatia
19	Eukaryoten	Hemicentrotus pulcherrimus
19	Eukaryoten	Heteropneustes fossilis
19	Eukaryoten	Heterorhabditis bacteriophora
19	Eukaryoten	Heterosigma carterae
19	Eukaryoten	Hexamita inflata
19	Eukaryoten	Hippoglossus stenolepis
19	Eukaryoten	Homo sapiens
19	Eukaryoten	Hoplias malabaricus
19	Eukaryoten	Huso huso
19	Eukaryoten	Hyalomma dromedarii
19	Eukaryoten	Hyalophora cecropia
19	Eukaryoten	Hypophthalmichthys nobilis
19	Eukaryoten	Isoptericola variabilis
19	Eukaryoten	Kloeckera sp.
19	Eukaryoten	Kluyveromyces lactis
19	Eukaryoten	Kluyveromyces marxianus
19	Eukaryoten	Komagataeibacter xylinus
19	Eukaryoten	Komagataella pastoris
19	Eukaryoten	Labeo rohita
19	Eukaryoten	Laccaria bicolor
19	Eukaryoten	Lachancea kluyveri
19	Eukaryoten	Lagenorhynchus obliquidens
19	Eukaryoten	Leishmania amazonensis
19	Eukaryoten	Leishmania chagasi
19	Eukaryoten	Leishmania donovani
19	Eukaryoten	Leishmania infantum
19	Eukaryoten	Leishmania major
19	Eukaryoten	Leishmania mexicana
19	Eukaryoten	Leishmania mexicana mexicana
19	Eukaryoten	Leishmania tropica
19	Eukaryoten	Leptosphaeria michotii
19	Eukaryoten	Lethenteron camtschaticum
19	Eukaryoten	Leuconostoc lactis
19	Eukaryoten	Leuconostoc mesenteroides
19	Eukaryoten	Lipomyces starkeyi
19	Eukaryoten	Litopenaeus vannamei
19	Eukaryoten	Littorina littorea
19	Eukaryoten	Locusta migratoria
19	Eukaryoten	Lumbricus rubellus
19	Eukaryoten	Macaca mulatta
19	Eukaryoten	Macropus eugenii desmarest
19	Eukaryoten	Magnaporthe grisea
19	Eukaryoten	Malassezia globosa
19	Eukaryoten	Malassezia pachydermatis
19	Eukaryoten	Mallomonas papillosa
19	Eukaryoten	Mammalia
19	Eukaryoten	mammalian orthoreovirus
19	Eukaryoten	Manduca sexta
19	Eukaryoten	Meganyctiphanes norvegica
19	Eukaryoten	Meleagris gallopavo
19	Eukaryoten	Mesocricetus auratus
19	Eukaryoten	Metacarcinus magister
19	Eukaryoten	Metarhizium anisopliae
19	Eukaryoten	Meyerozyma guilliermondii
19	Eukaryoten	Micropterus salmoides
19	Eukaryoten	Mizuhopecten yessoensis
19	Eukaryoten	Molinemadessetae
19	Eukaryoten	Moneuplotes crassus
19	Eukaryoten	Moniezia expansa
19	Eukaryoten	Morganella morganii
19	Eukaryoten	Mortierella alpina
19	Eukaryoten	Mucor sp.
19	Eukaryoten	Musbooduga
19	Eukaryoten	Mus musculus
19	Eukaryoten	Mussp.
19	Eukaryoten	Mya arenaria
19	Eukaryoten	Mytilus edulis
19	Eukaryoten	Mytilus galloprovincialis
19	Eukaryoten	Naegleria fowleri
19	Eukaryoten	Naegleria gruberi
19	Eukaryoten	Nautilus pompilius
19	Eukaryoten	Neonectria obtusispora
19	Eukaryoten	Neurospora crassa
19	Eukaryoten	Neurospora sp.
19	Eukaryoten	Nocardia asteroides
19	Eukaryoten	Nocardia sp.
19	Eukaryoten	Nocardiopsis alba
19	Eukaryoten	Odontella sinensis
19	Eukaryoten	Ogataea angusta
19	Eukaryoten	Olisthodiscus luteus
19	Eukaryoten	Oncorhynchus mykiss
19	Eukaryoten	Oryctolagus cuniculus
19	Eukaryoten	Oryctolagus sp.
19	Eukaryoten	Otala lactea
19	Eukaryoten	Ovis aries
19	Eukaryoten	Paecilomyces variotii
19	Eukaryoten	Pagrus major
19	Eukaryoten	Papilio machaon
19	Eukaryoten	Papiliotrema laurentii
19	Eukaryoten	Parabacteroides distasonis
19	Eukaryoten	Paracoccus denitrificans
19	Eukaryoten	Paracoccus sp.
19	Eukaryoten	Paracoccus sp. 12-A
19	Eukaryoten	Paramecium bursaria Chlorella virus 1
19	Eukaryoten	Pelophylax esculentus
19	Eukaryoten	Pelophylax ridibundus
19	Eukaryoten	Penicillium chrysogenum
19	Eukaryoten	Penicillium duponti
19	Eukaryoten	Penicillium palitans
19	Eukaryoten	Penicillium spiculisporum
19	Eukaryoten	Periplaneta americana
19	Eukaryoten	Phaeodactylum tricornutum
19	Eukaryoten	Phormia regina
19	Eukaryoten	Photobacterium profundum
19	Eukaryoten	Phycomyces blakesleeanus
19	Eukaryoten	Physarum polycephalum
19	Eukaryoten	Phytophthora infestans
19	Eukaryoten	Phytophthora megasperma
19	Eukaryoten	Piaractus mesopotamicus
19	Eukaryoten	Pichia burtonii
19	Eukaryoten	Plasmodium berghei
19	Eukaryoten	Plasmodium chabaudi
19	Eukaryoten	Plasmodium falciparum
19	Eukaryoten	Plasmodium falciparum 3D7
19	Eukaryoten	Plasmodium vivax
19	Eukaryoten	Plasmodium yoelii yoelii
19	Eukaryoten	Pneumocystis carinii
19	Eukaryoten	Pneumocystis jirovecii
19	Eukaryoten	Porphyridium purpureum
19	Eukaryoten	Proteus inconstans
19	Eukaryoten	Proteus mirabilis
19	Eukaryoten	Proteus vulgaris
19	Eukaryoten	Ptyas dhumnades
19	Eukaryoten	Pyropia yezoensis
19	Eukaryoten	Rana catesbeiana
19	Eukaryoten	Rana sylvatica
19	Eukaryoten	Rasamsonia emersonii
19	Eukaryoten	Rattus norvegicus
19	Eukaryoten	Rattus rattus
19	Eukaryoten	Rattus sp.
19	Eukaryoten	Rhipicephalus microplus
19	Eukaryoten	Rhizomucor miehei
19	Eukaryoten	Rhizoprionodon terraenovae
19	Eukaryoten	Rhizopus oryzae
19	Eukaryoten	Rhodococcus erythropolis
19	Eukaryoten	Rhodococcus jostii
19	Eukaryoten	Rhodotorula glutinis
19	Eukaryoten	Rhodotorula toruloides
19	Eukaryoten	Saccharina japonica
19	Eukaryoten	Saccharomyces carlsbergensis
19	Eukaryoten	Saccharomyces cerevisiae
19	Eukaryoten	Saccharomycopsis lipolytica
19	Eukaryoten	Saitozyma flava
19	Eukaryoten	Salmonella enterica
19	Eukaryoten	Salmonella enterica subsp. enterica serovar Typhi
19	Eukaryoten	Salmonella enterica subsp. enterica serovar Typhimurium
19	Eukaryoten	Sander vitreus
19	Eukaryoten	Sardina pilchardus
19	Eukaryoten	Schistocerca gregaria
19	Eukaryoten	Schistosoma japonicum
19	Eukaryoten	Schistosoma mansoni
19	Eukaryoten	Schizosaccharomyces pombe
19	Eukaryoten	Schwanniomyces occidentalis
19	Eukaryoten	Sclerotinia sclerotiorum
19	Eukaryoten	Scomber japonicus
19	Eukaryoten	Skeletonema costatum
19	Eukaryoten	Sordaria macrospora
19	Eukaryoten	Sparus aurata
19	Eukaryoten	Sphaerostilbe repens
19	Eukaryoten	Sphyraena idiastes
19	Eukaryoten	Sphyrna lewini
19	Eukaryoten	Spirulina geitleri
19	Eukaryoten	Squalus acanthias
19	Eukaryoten	Stenotrophomonas maltophilia
19	Eukaryoten	Strigomonas oncopelti
19	Eukaryoten	Strongylocentrotus purpuratus
19	Eukaryoten	Struthio camelus
19	Eukaryoten	Stylophora pistillata
19	Eukaryoten	Sus scrofa
19	Eukaryoten	Sus scrofa domesticus
19	Eukaryoten	Synura petersenii
19	Eukaryoten	Synura uvella
19	Eukaryoten	Taenia crassiceps
19	Eukaryoten	Taenia solium
19	Eukaryoten	Takifugu rubripes
19	Eukaryoten	Talaromyces piceae
19	Eukaryoten	Tenebrio molitor
19	Eukaryoten	Tetrahymena pyriformis
19	Eukaryoten	Tetrahymena thermophila
19	Eukaryoten	Thalassiosira pseudonana
19	Eukaryoten	Thalassiosira weissflogii
19	Eukaryoten	Thermomyces lanuginosus
19	Eukaryoten	Thunnus thynnus
19	Eukaryoten	Toxoplasma gondii
19	Eukaryoten	Trachemys scripta
19	Eukaryoten	Trachemys scripta elegans
19	Eukaryoten	Trametes sanguinea
19	Eukaryoten	Trichoderma koningii
19	Eukaryoten	Trichoderma reesei
19	Eukaryoten	Trichoderma viride
19	Eukaryoten	Trichomonas gallinae
19	Eukaryoten	Trichomonas vaginalis
19	Eukaryoten	Tritrichomonas suis
19	Eukaryoten	Trypanosoma brucei
19	Eukaryoten	Trypanosoma brucei brucei
19	Eukaryoten	Trypanosoma cruzi
19	Eukaryoten	Trypanosoma cruzi strain CL Brener
19	Eukaryoten	Tuber borchii
19	Eukaryoten	Turbatrix aceti
19	Eukaryoten	Urocitellus richardsonii
19	Eukaryoten	Uromyces viciae-fabae
19	Eukaryoten	Ustilago maydis
19	Eukaryoten	Xanthomonas axonopodis
19	Eukaryoten	Xanthomonas campestris
19	Eukaryoten	Xanthomonas campestris pv. campestris
19	Eukaryoten	Xanthomonas citri
19	Eukaryoten	Xanthophyllomyces dendrorhous
19	Eukaryoten	Xenopus laevis
19	Eukaryoten	Yarrowia lipolytica
19	Eukaryoten	Yersinia enterocolitica
19	Eukaryoten	Yersinia pestis
19	Eukaryoten	Yersinia pseudotuberculosis
20	Archaea	Aeropyrum pernix
20	Archaea	Aeropyrum pernix K1
20	Archaea	Archaeoglobus fulgidus
20	Archaea	Caldococcus noboribetus
20	Archaea	Cenarchaeum symbiosum
20	Archaea	Desulfurococcus amylolyticus
20	Archaea	Haloarcula marismortui
20	Archaea	Haloarcula vallismortis
20	Archaea	Halobacterium salinarum
20	Archaea	Halobacterium sp.
20	Archaea	Haloferax mediterranei
20	Archaea	Haloferax volcanii
20	Archaea	Halorubrum xinjiangense
20	Archaea	Metallosphaera sedula
20	Archaea	Methanobacterium thermoautotrophicus
20	Archaea	Methanocaldococcus jannaschii
20	Archaea	Methanococcus aeolicus
20	Archaea	Methanococcus maripaludis
20	Archaea	Methanococcus vannielii
20	Archaea	Methanococcus voltae
20	Archaea	Methanohalophilus portucalensis
20	Archaea	Methanosaeta concilii
20	Archaea	Methanosaeta thermophila
20	Archaea	Methanosarcina acetivorans
20	Archaea	Methanosarcina acetivorans C2A
20	Archaea	Methanosarcina barkeri
20	Archaea	Methanosarcina mazei
20	Archaea	Methanosarcina thermophila
20	Archaea	Methanospirillum hungatei
20	Archaea	Methanothermobacter thermautotrophicus
20	Archaea	Methanothermus fervidus
20	Archaea	Methanothermus sociabilis
20	Archaea	Natronobacterium gregoryi
20	Archaea	Pyrobaculum aerophilum
20	Archaea	Pyrobaculum calidifontis
20	Archaea	Pyrobaculum islandicum
20	Archaea	Pyrococcus
20	Archaea	Pyrococcus abyssi
20	Archaea	Pyrococcus furiosus
20	Archaea	Pyrococcus horikoshii
20	Archaea	Pyrococcus sp.
20	Archaea	Pyrococcus woesei
20	Archaea	Sulfolobus acidocaldarius
20	Archaea	Sulfolobus solfataricus
20	Archaea	Sulfolobus sp.
20	Archaea	Sulfolobus tokodaii
20	Archaea	Sulfolobus tokodaii str. 7
20	Archaea	Thermococcus gammatolerans
20	Archaea	Thermococcus kodakarensis
20	Archaea	Thermococcus litoralis
20	Archaea	Thermococcus onnurineus
20	Archaea	Thermococcus sp.
20	Archaea	Thermococcus waiotapuensis
20	Archaea	Thermofilum pendens
20	Archaea	Thermoplasma acidophilum
20	Archaea	Thermoproteus tenax
21	Bacteria	Acetoanaerobium sticklandii
21	Bacteria	Acetobacter aceti
21	Bacteria	Acholeplasma laidlawii
21	Bacteria	Acidiphilium acidophilum
21	Bacteria	Acidithiobacillus caldus
21	Bacteria	Acidithiobacillus ferrooxidans
21	Bacteria	Acidithiobacillus thiooxidans
21	Bacteria	Acidovorax facilis
21	Bacteria	Acinetobacter baumannii
21	Bacteria	Acinetobacter calcoaceticus
21	Bacteria	Acinetobacter glutaminasificans
21	Bacteria	Acinetobacter lwoffii
21	Bacteria	Acinetobacter sp.
21	Bacteria	Actinosynnema pretiosum subsp. auranticum
21	Bacteria	Advenella mimigardefordensis
21	Bacteria	Aerococcus viridans
21	Bacteria	Aeromonas caviae
21	Bacteria	Aeromonas hydrophila
21	Bacteria	Agrobacterium tumefaciens
21	Bacteria	Alicyclobacillus acidocaldarius
21	Bacteria	Alicyclobacillus acidocaldarius subsp. acidocaldarius
21	Bacteria	Amycolatopsis mediterranei
21	Bacteria	Amycolatopsis mediterranei U32
21	Bacteria	Amycolatopsis methanolica
21	Bacteria	Anabaena cylindrica
21	Bacteria	Anabaena sp.
21	Bacteria	Anabaena variabilis
21	Bacteria	Anaerobiospirillum succiniciproducens
21	Bacteria	Anaerotignum propionicum
21	Bacteria	Ancylobacter aquaticus
21	Bacteria	Anoxybacillus gonensis
21	Bacteria	Aquifex aeolicus
21	Bacteria	Arthrobacter globiformis
21	Bacteria	Arthrobacter mobilis
21	Bacteria	Arthrobacter sp.
21	Bacteria	Arthrospira maxima
21	Bacteria	Arthrospira platensis
21	Bacteria	Azospirillum brasilense
21	Bacteria	Azotobacter chroococcum
21	Bacteria	Azotobacter vinelandii
21	Bacteria	Bacteroides fragilis
21	Bacteria	Bacteroides ovatus
21	Bacteria	Bacteroides thetaiotaomicron
21	Bacteria	Bacteroides vulgatus
21	Bacteria	Beggiatoa leptomitiformis
21	Bacteria	Bifidobacterium adolescentis
21	Bacteria	Bifidobacterium bifidum
21	Bacteria	Bifidobacterium breve
21	Bacteria	Bifidobacterium longum
21	Bacteria	Bifidobacterium longum subsp. infantis
21	Bacteria	Bifidobacterium pseudolongum
21	Bacteria	Blastochloris viridis
21	Bacteria	Bordetella avium
21	Bacteria	Bordetella pertussis
21	Bacteria	Borreliella burgdorferi
21	Bacteria	Bradyrhizobium japonicum
21	Bacteria	Brevibacillus brevis
21	Bacteria	Brevibacterium flavum
21	Bacteria	Brevundimonas diminuta
21	Bacteria	Brucella abortus
21	Bacteria	Brucella suis
21	Bacteria	Burkholderia cepacia
21	Bacteria	Burkholderia thailandensis
21	Bacteria	Campylobacter curvus
21	Bacteria	Campylobacter jejuni
21	Bacteria	Campylobacter sp.
21	Bacteria	Chlamydia pneumoniae
21	Bacteria	Chlamydia trachomatis
21	Bacteria	Chlorobaculum tepidum
21	Bacteria	Chlorobium limicola
21	Bacteria	Chlorobium vibrioforme f. thiosulfatophilum
21	Bacteria	Chloroflexus aurantiacus
21	Bacteria	Citrobacter freundii
21	Bacteria	Citrobacter sp.
21	Bacteria	Clostridioides difficile
21	Bacteria	Clostridium acetobutylicum
21	Bacteria	Clostridium carboxidivorans
21	Bacteria	Clostridium cylindrosporum
21	Bacteria	Clostridium kluyveri
21	Bacteria	Clostridium paradoxum
21	Bacteria	Clostridium pasteurianum
21	Bacteria	Clostridium perfringens
21	Bacteria	Clostridium sporogenes
21	Bacteria	Clostridium symbiosum
21	Bacteria	Colwellia maris
21	Bacteria	Colwellia psychrerythraea
21	Bacteria	Congregibacter litoralis
21	Bacteria	Cupriavidus necator
21	Bacteria	Cupriavidus oxalaticus
21	Bacteria	Deinococcus radiodurans
21	Bacteria	Deinococcus radiophilus
21	Bacteria	Delftia acidovorans
21	Bacteria	Derxia gummosa
21	Bacteria	Desulfobacter vibrioformis
21	Bacteria	Desulfobulbus elongatus
21	Bacteria	Desulfomicrobium sp.
21	Bacteria	Desulfotalea psychrophila
21	Bacteria	Desulfovibrio desulfuricans
21	Bacteria	Desulfovibrio gigas
21	Bacteria	Desulfovibrio piger
21	Bacteria	Dickeya chrysanthemi
21	Bacteria	Dictyoglomus thermophilum
21	Bacteria	Enterobacter cloacae
21	Bacteria	Enterobacteria phage T4
21	Bacteria	Enterobacter sp.
21	Bacteria	Enterococcus faecalis
21	Bacteria	Enterococcus faecium
21	Bacteria	Erwinia aroidea
21	Bacteria	Erwinia sp.
21	Bacteria	Erythrobacter longus
21	Bacteria	Escherichia coli
21	Bacteria	Escherichia coli K-12
21	Bacteria	Faecalicatena orotica
21	Bacteria	Flavobacterium frigidimaris
21	Bacteria	Geobacillus stearothermophilus
21	Bacteria	Geobacillus thermodenitrificans
21	Bacteria	Geobacillus thermoleovorans
21	Bacteria	Gluconobacter oxydans
21	Bacteria	Gottschalkia acidurici
21	Bacteria	Haemophilus influenzae
21	Bacteria	Haemophilus parasuis
21	Bacteria	Hafnia alvei
21	Bacteria	Halomonas sp.
21	Bacteria	Halorhodospira halochloris
21	Bacteria	Halothermothrix orenii
21	Bacteria	Halothiobacillus neapolitanus
21	Bacteria	Helicobacter pylori
21	Bacteria	Hydrogenobacter thermophilus
21	Bacteria	Hydrogenophaga pseudoflava
21	Bacteria	Hyphomicrobium methylovorum
21	Bacteria	Janibacter sp.
21	Bacteria	Janthinobacterium lividum
21	Bacteria	Jeotgalibacillus marinus
21	Bacteria	Kitasatospora aureofaciens
21	Bacteria	Klebsiella aerogenes
21	Bacteria	Klebsiella pneumoniae
21	Bacteria	Lachnoclostridium phytofermentans
21	Bacteria	Lactobacillus amylovorus
21	Bacteria	Lactobacillus brevis
21	Bacteria	Lactobacillus casei
21	Bacteria	Lactobacillus delbrueckii subsp. lactis
21	Bacteria	Lactobacillus fermentum
21	Bacteria	Lactobacillus leichmannii
21	Bacteria	Lactobacillus manihotivorans
21	Bacteria	Lactobacillus paracasei
21	Bacteria	Lactobacillus paraplantarum
21	Bacteria	Lactobacillus plantarum
21	Bacteria	Lactobacillus reuteri
21	Bacteria	Lactobacillus rhamnosus
21	Bacteria	Lactococcus lactis
21	Bacteria	Lactococcus lactis subsp. lactis
21	Bacteria	Legionella pneumophila subsp. pneumophila
21	Bacteria	Leptospira interrogans
21	Bacteria	Listeria seeligeri
21	Bacteria	Lysinibacillus sphaericus
21	Bacteria	Macromonas bipunctata
21	Bacteria	Magnetospirillum magnetotacticum
21	Bacteria	Meiothermus ruber
21	Bacteria	Mesorhizobium loti
21	Bacteria	Methylobacillus flagellatus
21	Bacteria	Methylobacterium extorquens
21	Bacteria	Methylobacterium nodulans
21	Bacteria	Methylobacterium sp.
21	Bacteria	Methylococcus capsulatus
21	Bacteria	Methylomicrobium alcaliphilum
21	Bacteria	Methylophilus methylotrophus
21	Bacteria	Methylosinus trichosporium
21	Bacteria	methylotrophic bacterium
21	Bacteria	Microbacterium luteolum
21	Bacteria	Micrococcus luteus
21	Bacteria	Microcystis aeruginosa
21	Bacteria	Moorella thermoacetica
21	Bacteria	Moorella thermoacetica ATCC 39073
21	Bacteria	Moraxella sp.
21	Bacteria	Moritella abyssi
21	Bacteria	Moritella japonica
21	Bacteria	Moritella marina
21	Bacteria	Moritella profunda
21	Bacteria	Moritella sp.
21	Bacteria	Moritella yayanosii
21	Bacteria	Mycobacterium avium
21	Bacteria	Mycobacterium bovis
21	Bacteria	Mycobacterium marinum
21	Bacteria	Mycobacterium phlei
21	Bacteria	Mycobacterium smegmatis
21	Bacteria	Mycobacterium sp.
21	Bacteria	Mycobacterium tuberculosis
21	Bacteria	Mycobacterium vaccae
21	Bacteria	Neisseria gonorrhoeae
21	Bacteria	Neisseria meningitidis
21	Bacteria	Nitrobacter hamburgensis
21	Bacteria	Nitrobacter winogradskyi
21	Bacteria	Nitrosomonas europaea
21	Bacteria	Nitrosospira multiformis ATCC 25196
21	Bacteria	Nitrosospira sp. GS833
21	Bacteria	Nitrosospira sp. KAN8
21	Bacteria	Nitrosospira sp. NRS527
21	Bacteria	Nitrosospira sp. PJA1
21	Bacteria	Nitrosospira sp. TCH716
21	Bacteria	Nitrosospira sp. TYM9
21	Bacteria	Nitrosovibrio sp. FJI423
21	Bacteria	Nitrosovibrio sp. FJI82
21	Bacteria	Nitrosovibrio sp. RY3C
21	Bacteria	Nitrosovibrio sp. RY6A
21	Bacteria	Nostoc sp.
21	Bacteria	Nostoc sp. PCC 7120
21	Bacteria	Oceanimonas doudoroffii
21	Bacteria	Oceanobacillus oncorhynchi
21	Bacteria	Ochrobactrum anthropi
21	Bacteria	Paenarthrobacter histidinolovorans
21	Bacteria	Paenibacillus polymyxa
21	Bacteria	Pantoea agglomerans
21	Bacteria	Parvimonas micra
21	Bacteria	Pectobacterium carotovorum
21	Bacteria	Pediococcus pentosaceus
21	Bacteria	Pelobacter carbinolicus
21	Bacteria	Pelotomaculum thermopropionicum
21	Bacteria	Peptoniphilus asaccharolyticus
21	Bacteria	Peptostreptococcus glycinophilus
21	Bacteria	Phormidium laminosum
21	Bacteria	Phormidium lapideum
21	Bacteria	Phormidium sp.
21	Bacteria	Pigeon
21	Bacteria	Porphyromonas gingivalis
21	Bacteria	Prevotella ruminicola
21	Bacteria	Propionibacterium freudenreichii
21	Bacteria	Propionibacterium freudenreichii subsp. shermanii
21	Bacteria	Providencia rettgeri
21	Bacteria	Providencia stuartii
21	Bacteria	Pseudanabaena sp.
21	Bacteria	Pseudarthrobacter oxydans
21	Bacteria	Pseudoalteromonas haloplanktis
21	Bacteria	Pseudomonas aeruginosa
21	Bacteria	Pseudomonas chlororaphis subsp. aurantiaca
21	Bacteria	Pseudomonas denitrificans (nomen rejiciendum)
21	Bacteria	Pseudomonas fluorescens
21	Bacteria	Pseudomonas putida
21	Bacteria	Pseudomonas putida KT2440
21	Bacteria	Pseudomonas savastanoi
21	Bacteria	Pseudomonas sp.
21	Bacteria	Pseudomonas stutzeri
21	Bacteria	Pseudomonas syringae
21	Bacteria	Pseudomonas taetrolens
21	Bacteria	Pseudomonasdenitrificans(nomenrejiciendum)
21	Bacteria	Psychrobacter piscatorii
21	Bacteria	Psychrobacter sp.
21	Bacteria	Psychromonas ingrahamii
21	Bacteria	Rahnella aquatilis
21	Bacteria	Rhizobium etli
21	Bacteria	Rhizobium leguminosarum
21	Bacteria	Rhodobacter capsulatus
21	Bacteria	Rhodobacter sphaeroides
21	Bacteria	Rhodocyclus tenuis
21	Bacteria	Rhodomicrobium vannielii
21	Bacteria	Rhodopseudomonas palustris
21	Bacteria	Rhodopseudomonas rubrum
21	Bacteria	Rhodopseudomonas sp.
21	Bacteria	Rhodospirillum rubrum
21	Bacteria	Rhodothermus marinus
21	Bacteria	Rhodovulum sulfidophilum
21	Bacteria	Rickettsia conorii
21	Bacteria	Rubrobacter xylanophilus
21	Bacteria	Ruegeria pomeroyi DSS-3
21	Bacteria	Ruminiclostridium thermocellum
21	Bacteria	Ruminobacter amylophilus
21	Bacteria	Ruminococcus albus
21	Bacteria	Saccharopolyspora erythraea
21	Bacteria	Salinibacter ruber
21	Bacteria	Salinivibrio costicola
21	Bacteria	Selenomonas ruminantium
21	Bacteria	Serratia liquefaciens
21	Bacteria	Serratia marcescens
21	Bacteria	Shewanella benthica
21	Bacteria	Shewanella oneidensis
21	Bacteria	Shewanella violacea
21	Bacteria	Sinorhizobium meliloti
21	Bacteria	Sphingobium chungbukense
21	Bacteria	Sphingomonas elodea
21	Bacteria	Sphingomonas sanxanigenens
21	Bacteria	Sporosarcina pasteurii
21	Bacteria	Sporosarcina psychrophila
21	Bacteria	Staphylococcus aureus
21	Bacteria	Staphylococcus carnosus
21	Bacteria	Staphylococcus epidermidis
21	Bacteria	Staphylococcus epidermidis RP62A
21	Bacteria	Staphylococcus haemolyticus
21	Bacteria	Staphylococcus leei
21	Bacteria	Staphylococcus saprophyticus
21	Bacteria	Staphylococcus sp.
21	Bacteria	Starkeya novella
21	Bacteria	Starkeyomyces koorchalomoides
21	Bacteria	Streptococcus equi
21	Bacteria	Streptococcus gordonii
21	Bacteria	Streptococcus mitior
21	Bacteria	Streptococcus mutans
21	Bacteria	Streptococcus pneumoniae
21	Bacteria	Streptococcus pyogenes
21	Bacteria	Streptococcus ratti
21	Bacteria	Streptococcus salivarius
21	Bacteria	Streptococcus thermophilus
21	Bacteria	Streptomyces albulus
21	Bacteria	Streptomyces ambofaciens
21	Bacteria	Streptomyces arenae
21	Bacteria	Streptomyces avermitilis
21	Bacteria	Streptomyces clavuligerus
21	Bacteria	Streptomyces coelicolor
21	Bacteria	Streptomyces fradiae
21	Bacteria	Streptomyces griseus
21	Bacteria	Streptomyces lavendulae
21	Bacteria	Streptomyces lividans
21	Bacteria	Streptomyces megasporus
21	Bacteria	Streptomyces pristinaespiralis
21	Bacteria	Streptomyces rimosus
21	Bacteria	Streptomyces seoulensis
21	Bacteria	Streptomyces sp.
21	Bacteria	Streptomyces venezuelae
21	Bacteria	Streptomyces violaceoruber
21	Bacteria	Streptomyces viridifaciens
21	Bacteria	Sulfobacillus thermosulfidooxidans
21	Bacteria	Sulfurihydrogenibium azorense
21	Bacteria	Sulfurihydrogenibium yellowstonense
21	Bacteria	Symbiobacterium toebii
21	Bacteria	Synechococcus
21	Bacteria	Synechococcus elongatus
21	Bacteria	Synechococcus elongatus PCC 7942
21	Bacteria	Synechococcus sp.
21	Bacteria	Synechocystis sp.
21	Bacteria	Synechocystis sp. PCC 6803
21	Bacteria	Syntrophobacter fumaroxidans
21	Bacteria	Thermoactinomyces vulgaris
21	Bacteria	Thermobifida fusca
21	Bacteria	Thermoleophilum minutum
21	Bacteria	Thermosynechococcus elongatus
21	Bacteria	Thermotoga maritima
21	Bacteria	Thermotoga neapolitana
21	Bacteria	Thermus aquaticus
21	Bacteria	Thermus brockianus
21	Bacteria	Thermus caldophilus
21	Bacteria	Thermus sp.
21	Bacteria	Thermus thermophilus
21	Bacteria	Thermus thermophilus HB8
21	Bacteria	Thermophilic bacillus
21	Bacteria	Thermophilic bacterium
21	Bacteria	Thiobacillus denitrificans
21	Bacteria	Thiobacillus denitrificans ATCC 25259
21	Bacteria	Thiobacillus sp.
21	Bacteria	Thiobacillus thioparus
21	Bacteria	Thiomicrospira thyasirae
21	Bacteria	Treponema denticola
21	Bacteria	Treponema pallidum
21	Bacteria	Trichormus azollae
21	Bacteria	Ureaplasma urealyticum
21	Bacteria	Vibrio cholerae
21	Bacteria	Vibrio natriegens
21	Bacteria	Vibrio sp.
21	Bacteria	Vogesella indigofera
21	Bacteria	Vulcanithermus mediatlanticus
21	Bacteria	Wolbachia endosymbiont of Brugia malayi
21	Bacteria	Wolbachia endosymbiont of Dirofilaria immitis
21	Bacteria	Wolinella succinogenes
21	Bacteria	Xenorhabdus bovienii
21	Bacteria	Zavarzinia compransoris
21	Bacteria	Zymomonas mobilis
21	Bacteria	bacterium strain SL100
21	Bacteria	uncultured bacterium
21	Bacteria	unidentified proteobacterium
21	Bacteria	Coccochloris peniocystis
22	viruses	Hepatitis C virus
22	viruses	Herpes simplex virus
22	viruses	Human alphaherpesvirus 1
22	viruses	Human alphaherpesvirus 2
22	viruses	Human gammaherpesvirus 4
22	viruses	Human gammaherpesvirus 8
22	viruses	Shrimp white spot syndrome virus
22	viruses	Southampton virus
22	viruses	Vaccinia virus
22	viruses	West Nile virus
22	viruses	white spot syndrome virus
22	viruses	Dengue virus
22	viruses	Enterovirus C
22	viruses	Classical swine fever virus
